#
# A fatal error has been detected by the Java Runtime Environment:
#
#  EXCEPTION_ACCESS_VIOLATION (0xc0000005) at pc=0x00007ffffc2a3004, pid=52792, tid=65104
#
# JRE version: OpenJDK Runtime Environment (25.0.1+8) (build 25.0.1+8-27)
# Java VM: OpenJDK 64-Bit Server VM (25.0.1+8-27, mixed mode, emulated-client, sharing, tiered, compressed oops, compressed class ptrs, g1 gc, windows-amd64)
# Problematic frame:
# C  [libasyncProfiler.dll+0x93004]
#
# No core dump will be written. Minidumps are not enabled by default on client versions of Windows
#
# JFR recording file will be written. Location: D:\confidentialite\hs_err_pid52792.jfr
#
# If you would like to submit a bug report, please visit:
#   https://bugreport.java.com/bugreport/crash.jsp
# The crash happened outside the Java Virtual Machine in native code.
# See problematic frame for where to report the bug.
#

---------------  S U M M A R Y ------------

Command Line: -XX:TieredStopAtLevel=1 -Dspring.output.ansi.enabled=always -Dcom.sun.management.jmxremote -Dspring.jmx.enabled=true -Dspring.liveBeansView.mbeanDomain -Dspring.application.admin.enabled=true -Dmanagement.endpoints.jmx.exposure.include=* -javaagent:C:\Program Files\JetBrains\IntelliJ IDEA 2024.3.4.1\lib\idea_rt.jar=1947 -Dfile.encoding=UTF-8 -Dsun.stdout.encoding=UTF-8 -Dsun.stderr.encoding=UTF-8 org.example.confidentialite.ConfidentialiteApplication

Host: 11th Gen Intel(R) Core(TM) i7-1185G7 @ 3.00GHz, 8 cores, 15G,  Windows 11 , 64 bit Build 26100 (10.0.26100.8875)
Time: Wed Jul 29 16:15:32 2026 Morocco Daylight Time elapsed time: 13267.828113 seconds (0d 3h 41m 7s)

---------------  T H R E A D  ---------------

Current thread (0x000001c210ba68f0):  JavaThread "Attach Listener" daemon [_thread_in_native, id=65104, stack(0x00000088e2e00000,0x00000088e2f00000) (1024K)]

Stack: [0x00000088e2e00000,0x00000088e2f00000],  sp=0x00000088e2eff370,  free space=1020k
Native frames: (J=compiled Java code, j=interpreted, Vv=VM code, C=native code)
C  [libasyncProfiler.dll+0x93004]  (no source info available)
C  [libasyncProfiler.dll+0x934db]  (no source info available)
C  [libasyncProfiler.dll+0x92134]  (no source info available)
C  [libasyncProfiler.dll+0x929aa]  (no source info available)
C  [libasyncProfiler.dll+0x8d561]  (no source info available)
C  [libasyncProfiler.dll+0x7ef21]  (no source info available)
C  [libasyncProfiler.dll+0x7dc38]  (no source info available)
C  [libasyncProfiler.dll+0x7db20]  (no source info available)
C  [libasyncProfiler.dll+0x84af9]  (no source info available)
V  [jvm.dll+0x5e5cc6]  (no source info available)
V  [jvm.dll+0x5e6aad]  (no source info available)
V  [jvm.dll+0x1979a7]  (no source info available)
V  [jvm.dll+0x1994c5]  (no source info available)
V  [jvm.dll+0x48e6d1]  (no source info available)
V  [jvm.dll+0x906a0d]  (no source info available)
V  [jvm.dll+0x7a5135]  (no source info available)
C  [ucrtbase.dll+0x2cd30]  (no source info available)
C  [KERNEL32.DLL+0x2e957]  (no source info available)
C  [ntdll.dll+0xaad6c]  (no source info available)


siginfo: EXCEPTION_ACCESS_VIOLATION (0xc0000005), reading address 0xffffffffffffffff


Registers:
RAX=0x0000000000000010, RBX=0x0000000000000000, RCX=0xffffffffffffffff, RDX=0x007fffe16765b010
RSP=0x00000088e2eff370, RBP=0x000001c21b7fa630, RSI=0x00000088e2eff4e0, RDI=0x000001c21b7fa630
R8 =0x0000000000000042, R9 =0x0000000704800810, R10=0x00007fffe18ff380, R11=0x0000000000000046
R12=0x00000088e2eff4e0, R13=0x000001c21b5bec10, R14=0x000001c210ba6d38, R15=0x000001c210ba6d38
RIP=0x00007ffffc2a3004, EFLAGS=0x0000000000010202

XMM[0]=0x0000000000000000 0x0000000000000000
XMM[1]=0x0000000000000000 0x0000000000000000
XMM[2]=0x0000000000000000 0x0000000000000000
XMM[3]=0x0000000000000000 0x0000000000000000
XMM[4]=0x0000000000000000 0x0000000000000000
XMM[5]=0x0000000000000000 0x0000000000000000
XMM[6]=0x0000000000000000 0x0000000000000000
XMM[7]=0x0000000000000000 0x0000000000000000
XMM[8]=0x0000000000000000 0x0000000000000000
XMM[9]=0x0000000000000000 0x0000000000000000
XMM[10]=0x0000000000000000 0x0000000000000000
XMM[11]=0x0000000000000000 0x0000000000000000
XMM[12]=0x0000000000000000 0x0000000000000000
XMM[13]=0x0000000000000000 0x0000000000000000
XMM[14]=0x0000000000000000 0x0000000000000000
XMM[15]=0x0000000000000000 0x0000000000000000
  MXCSR=0x00001fa0


Register to memory mapping:

RAX=0x0000000000000010 is an unknown value
RBX=0x0 is null
RCX=0xffffffffffffffff is an unknown value
RDX=0x007fffe16765b010 is an unknown value
RSP=0x00000088e2eff370 is pointing into the stack for thread: 0x000001c210ba68f0
RBP=0x000001c21b7fa630 points into unknown readable memory: 0x0000000704800810 | 10 08 80 04 07 00 00 00
RSI=0x00000088e2eff4e0 is pointing into the stack for thread: 0x000001c210ba68f0
RDI=0x000001c21b7fa630 points into unknown readable memory: 0x0000000704800810 | 10 08 80 04 07 00 00 00
R8 =0x0000000000000042 is an unknown value
R9 =0x0000000704800810 is an oop: java.lang.ref.Reference$ReferenceHandler 
{0x0000000704800810} - klass: 'java/lang/ref/Reference$ReferenceHandler' - flags: 

 - ---- fields (total size 14 words):
 - 'threadLocalRandomProbe' 'I' @12  0 (0x00000000)
 - private volatile 'eetop' 'J' @16  1933015905344 (0x000001c210b9f440)
 - private final 'tid' 'J' @24  14 (0x000000000000000e)
 - 'threadLocalRandomSeed' 'J' @32  0 (0x0000000000000000)
 - injected 'jvmti_thread_state' 'J' @40  1933175714208 (0x000001c21a4071a0)
 - 'threadLocalRandomSecondarySeed' 'I' @48  0 (0x00000000)
 - injected 'jvmti_VTMS_transition_disable_count' 'I' @52  0 (0x00000000)
 - injected 'jfr_epoch' 'S' @56  0 (0x0000)
 - volatile 'interrupted' 'Z' @58  false (0x00)
 - injected 'jvmti_is_in_VTMS_transition' 'Z' @59  false (0x00)
 - private volatile 'name' 'Ljava/lang/String;' @60  "Reference Handler"{0x0000000705182898} (0xe0a30513)
 - private volatile 'contextClassLoader' 'Ljava/lang/ClassLoader;' @64  null (0x00000000)
 - private final 'holder' 'Ljava/lang/Thread$FieldHolder;' @68  a 'java/lang/Thread$FieldHolder'{0x00000007fec80220} (0xffd90044)
 - private 'threadLocals' 'Ljava/lang/ThreadLocal$ThreadLocalMap;' @72  null (0x00000000)
 - private 'inheritableThreadLocals' 'Ljava/lang/ThreadLocal$ThreadLocalMap;' @76  null (0x00000000)
 - private 'scopedValueBindings' 'Ljava/lang/Object;' @80  a 'java/lang/Class'{0x0000000704801188} = 'java/lang/Thread' (0xe0900231)
 - final 'interruptLock' 'Ljava/lang/Object;' @84  a 'java/lang/Object'{0x0000000704f0ae40} (0xe09e15c8)
 - private volatile 'parkBlocker' 'Ljava/lang/Object;' @88  null (0x00000000)
 - private 'nioBlocker' 'Lsun/nio/ch/Interruptible;' @92  null (0x00000000)
 - private 'cont' 'Ljdk/internal/vm/Continuation;' @96  null (0x00000000)
 - private volatile 'uncaughtExceptionHandler' 'Ljava/lang/Thread$UncaughtExceptionHandler;' @100  null (0x00000000)
 - private 'container' 'Ljdk/internal/vm/ThreadContainer;' @104  null (0x00000000)
 - private volatile 'headStackableScopes' 'Ljdk/internal/vm/StackableScope;' @108  null (0x00000000)
R10=0x00007fffe18ff380 jvm.dll
R11=0x0000000000000046 is an unknown value
R12=0x00000088e2eff4e0 is pointing into the stack for thread: 0x000001c210ba68f0
R13=0x000001c21b5bec10 points into unknown readable memory: 0x00007fffe186fbd0 | d0 fb 86 e1 ff 7f 00 00
R14=0x000001c210ba6d38 points into unknown readable memory: 0x00007fffe1866b50 | 50 6b 86 e1 ff 7f 00 00
R15=0x000001c210ba6d38 points into unknown readable memory: 0x00007fffe1866b50 | 50 6b 86 e1 ff 7f 00 00

Top of Stack: (sp=0x00000088e2eff370)
0x00000088e2eff370:   00000088e2eff4e0 000001c21b7fa630   ........0.......
0x00000088e2eff380:   0000000000000000 000001c210ba70c8   .........p......
0x00000088e2eff390:   0000000000000034 00007ffffc2a34db   4........4*.....
0x00000088e2eff3a0:   0000000000000000 000001c210ba6d38   ........8m......
0x00000088e2eff3b0:   00000088e2eff401 0000000000000000   ................
0x00000088e2eff3c0:   000001c223235d20 00007ffffc2a2134    ]##....4!*.....
0x00000088e2eff3d0:   0000000000000000 0000000000000034   ........4.......
0x00000088e2eff3e0:   0000000000000000 0000000000000034   ........4.......
0x00000088e2eff3f0:   000000201bc63040 000001c223238140   @0.. ...@.##....
0x00000088e2eff400:   000001c223235d20 000001c223235df0    ]##.....]##....
0x00000088e2eff410:   000001c223235e1c 0000000000006dac   .^##.....m......
0x00000088e2eff420:   0000000000000000 0000000000000000   ................
0x00000088e2eff430:   0000000000000000 00007fffe1067194   .........q......
0x00000088e2eff440:   00007ffffc3fae00 000000000000ce38   ..?.....8.......
0x00000088e2eff450:   00007ffffc3fae00 00000000ffffffff   ..?.............
0x00000088e2eff460:   0000000000000000 00007ffffc2a29aa   .........)*.....
0x00000088e2eff470:   000001c210ba6d38 0000000000000000   8m..............
0x00000088e2eff480:   00000088e2eff4e9 000001c21b5bec10   ..........[.....
0x00000088e2eff490:   000001c21a4071a0 00007fffe11be4b6   .q@.............
0x00000088e2eff4a0:   0000000000000000 00007ff898e817a9   ................
0x00000088e2eff4b0:   000001c210ba6d38 00007ffffc3fae00   8m........?.....
0x00000088e2eff4c0:   0000000000000004 0000000000000048   ........H.......
0x00000088e2eff4d0:   0000000800800310 000001c210ba6d38   ........8m......
0x00000088e2eff4e0:   000001c22421ff10 000001c224220590   ..!$......"$....
0x00000088e2eff4f0:   000001c224220590 00007ffffc3fae00   .."$......?.....
0x00000088e2eff500:   000001c21a4071a0 00000088e2eff678   .q@.....x.......
0x00000088e2eff510:   00000088e2eff7b0 0000000000008840   ........@.......
0x00000088e2eff520:   00000088e2eff990 00007ffffc3fae50   ........P.?.....
0x00000088e2eff530:   0000000000989680 0000000000989680   ................
0x00000088e2eff540:   00000088e2eff650 00007ffffc29d561   P.......a.).....
0x00000088e2eff550:   00007ffffc3fae00 00007ffffc3fae58   ..?.....X.?.....
0x00000088e2eff560:   00007fff00000000 0000000000000001   ................

Instructions: (pc=0x00007ffffc2a3004)
  0x00007ffffc2a2f04:   cc cc cc cc cc cc cc cc cc cc cc cc cc cc cc cc
  0x00007ffffc2a2f14:   cc cc cc cc cc cc cc cc cc cc cc cc cc cc cc cc
  0x00007ffffc2a2f24:   cc cc cc cc cc cc cc cc cc cc cc cc cc cc cc cc
  0x00007ffffc2a2f34:   cc cc cc cc cc cc cc cc cc cc cc cc cc cc cc cc
  0x00007ffffc2a2f44:   cc cc cc cc cc cc cc cc cc cc cc cc cc cc cc cc
  0x00007ffffc2a2f54:   cc cc cc cc cc cc cc cc cc cc cc cc cc cc cc cc
  0x00007ffffc2a2f64:   cc cc cc cc cc cc cc cc cc cc cc cc cc cc cc cc
  0x00007ffffc2a2f74:   cc cc cc cc cc cc cc cc cc cc cc cc cc cc cc cc
  0x00007ffffc2a2f84:   cc cc cc cc cc cc cc cc cc cc cc cc 40 57 48 83
  0x00007ffffc2a2f94:   ec 20 48 8b f9 48 8b 0d 30 80 15 00 48 85 c9 74
  0x00007ffffc2a2fa4:   20 48 8b 01 48 8d 54 24 38 41 b8 06 00 01 00 4c
  0x00007ffffc2a2fb4:   8b 48 30 41 ff d1 85 c0 75 07 48 8b 4c 24 38 eb
  0x00007ffffc2a2fc4:   02 33 c9 4c 8b 05 0a 81 15 00 48 89 5c 24 30 4d
  0x00007ffffc2a2fd4:   85 c0 74 4a 48 8b 01 48 8b d7 4c 8b 88 28 03 00
  0x00007ffffc2a2fe4:   00 41 ff d1 48 85 c0 74 35 48 63 0d b8 3d 15 00
  0x00007ffffc2a2ff4:   48 8b 14 01 48 85 d2 74 15 48 63 05 bc 3d 15 00
=>0x00007ffffc2a3004:   8b 04 10 48 8b 5c 24 30 48 83 c4 20 5f c3 b8 ff
  0x00007ffffc2a3014:   ff ff ff 48 8b 5c 24 30 48 83 c4 20 5f c3 80 3d
  0x00007ffffc2a3024:   bb 7f 15 00 00 bb ff ff ff ff 74 20 4c 8b 0d 51
  0x00007ffffc2a3034:   7c 15 00 4c 8d 44 24 38 48 8b 0d 35 7c 15 00 48
  0x00007ffffc2a3044:   8b d7 41 ff d1 85 c0 0f 44 5c 24 38 8b c3 48 8b
  0x00007ffffc2a3054:   5c 24 30 48 83 c4 20 5f c3 cc cc cc cc cc cc cc
  0x00007ffffc2a3064:   cc cc cc cc cc cc cc cc cc cc cc cc cc cc cc cc
  0x00007ffffc2a3074:   cc cc cc cc cc cc cc cc cc cc cc cc cc cc cc cc
  0x00007ffffc2a3084:   cc cc cc cc cc cc cc cc cc cc cc cc 48 89 54 24
  0x00007ffffc2a3094:   10 53 55 56 57 41 56 41 57 48 83 ec 28 48 8b f2
  0x00007ffffc2a30a4:   4c 8b f1 48 89 4c 24 78 45 33 ff 44 89 7c 24 68
  0x00007ffffc2a30b4:   c7 44 24 60 01 00 00 00 48 8d 4c 24 68 e8 69 3c
  0x00007ffffc2a30c4:   f7 ff 8b d8 48 8d 4c 24 60 e8 5d 3c f7 ff 8b e8
  0x00007ffffc2a30d4:   49 8b ce e8 33 f3 f6 ff 48 8b f8 90 8b c3 f0 0f
  0x00007ffffc2a30e4:   b1 2f 74 04 f3 90 eb f4 4c 89 3e 4c 89 7e 08 4c
  0x00007ffffc2a30f4:   89 7e 10 49 8b 6e 08 4d 8b 76 10 49 3b ee 0f 84


Stack slot to memory mapping:

stack at sp + 0 slots: 0x00000088e2eff4e0 is pointing into the stack for thread: 0x000001c210ba68f0
stack at sp + 1 slots: 0x000001c21b7fa630 points into unknown readable memory: 0x0000000704800810 | 10 08 80 04 07 00 00 00
stack at sp + 2 slots: 0x0 is null
stack at sp + 3 slots: 0x000001c210ba70c8 points into unknown readable memory: 0x6e616c2e6176616a | 6a 61 76 61 2e 6c 61 6e
stack at sp + 4 slots: 0x0000000000000034 is an unknown value
stack at sp + 5 slots: 0x00007ffffc2a34db libasyncProfiler.dll
stack at sp + 6 slots: 0x0 is null
stack at sp + 7 slots: 0x000001c210ba6d38 points into unknown readable memory: 0x00007fffe1866b50 | 50 6b 86 e1 ff 7f 00 00

Lock stack of current Java thread (top to bottom):


---------------  P R O C E S S  ---------------

Threads class SMR info:
_java_thread_list=0x000001c2231e4810, length=36, elements={
0x000001c210b9f440, 0x000001c210b9fd50, 0x000001c210ba0bb0, 0x000001c210ba68f0,
0x000001c210ba74b0, 0x000001c210ba8070, 0x000001c210ba8c30, 0x000001c2135b7820,
0x000001c21820e2d0, 0x000001c218209f90, 0x000001c218826050, 0x000001c21883c840,
0x000001c218be58d0, 0x000001c218be6870, 0x000001c21a19e950, 0x000001c21a19f120,
0x000001c21a1a1830, 0x000001c21831ca70, 0x000001c21831da10, 0x000001c2134ad6c0,
0x000001c218be5100, 0x000001c21b00aab0, 0x000001c21b008b70, 0x000001c21b00a2e0,
0x000001c21b00b280, 0x000001c21b00c220, 0x000001c21b00d990, 0x000001c21b00f100,
0x000001c21b0212c0, 0x000001c21b01f380, 0x000001c21b01e3e0, 0x000001c21b023200,
0x000001c21b022260, 0x000001c2134ade90, 0x000001c21b2cc0b0, 0x000001c218be2220
}

Java Threads: ( => current thread )
  0x000001c210b9f440 JavaThread "Reference Handler"          daemon [_thread_blocked, id=60736, stack(0x00000088e2b00000,0x00000088e2c00000) (1024K)]
  0x000001c210b9fd50 JavaThread "Finalizer"                  daemon [_thread_blocked, id=15636, stack(0x00000088e2c00000,0x00000088e2d00000) (1024K)]
  0x000001c210ba0bb0 JavaThread "Signal Dispatcher"          daemon [_thread_blocked, id=15428, stack(0x00000088e2d00000,0x00000088e2e00000) (1024K)]
=>0x000001c210ba68f0 JavaThread "Attach Listener"            daemon [_thread_in_native, id=65104, stack(0x00000088e2e00000,0x00000088e2f00000) (1024K)]
  0x000001c210ba74b0 JavaThread "Service Thread"             daemon [_thread_blocked, id=47172, stack(0x00000088e2f00000,0x00000088e3000000) (1024K)]
  0x000001c210ba8070 JavaThread "Monitor Deflation Thread"   daemon [_thread_blocked, id=6872, stack(0x00000088e3000000,0x00000088e3100000) (1024K)]
  0x000001c210ba8c30 JavaThread "C1 CompilerThread0"         daemon [_thread_blocked, id=2412, stack(0x00000088e3100000,0x00000088e3200000) (1024K)]
  0x000001c2135b7820 JavaThread "Common-Cleaner"             daemon [_thread_blocked, id=61432, stack(0x00000088e3300000,0x00000088e3400000) (1024K)]
  0x000001c21820e2d0 JavaThread "Monitor Ctrl-Break"         daemon [_thread_in_native, id=58020, stack(0x00000088e3500000,0x00000088e3600000) (1024K)]
  0x000001c218209f90 JavaThread "Notification Thread"        daemon [_thread_blocked, id=72352, stack(0x00000088e3600000,0x00000088e3700000) (1024K)]
  0x000001c218826050 JavaThread "RMI TCP Accept-0"           daemon [_thread_in_native, id=15052, stack(0x00000088e3800000,0x00000088e3900000) (1024K)]
  0x000001c21883c840 JavaThread "RMI Scheduler(0)"           daemon [_thread_blocked, id=58096, stack(0x00000088e3a00000,0x00000088e3b00000) (1024K)]
  0x000001c218be58d0 JavaThread "Catalina-utility-1"                [_thread_blocked, id=35988, stack(0x00000088e4500000,0x00000088e4600000) (1024K)]
  0x000001c218be6870 JavaThread "Catalina-utility-2"                [_thread_blocked, id=22992, stack(0x00000088e4700000,0x00000088e4800000) (1024K)]
  0x000001c21a19e950 JavaThread "container-0"                       [_thread_blocked, id=57940, stack(0x00000088e4800000,0x00000088e4900000) (1024K)]
  0x000001c21a19f120 JavaThread "mysql-cj-abandoned-connection-cleanup" daemon [_thread_blocked, id=37304, stack(0x00000088e4900000,0x00000088e4a00000) (1024K)]
  0x000001c21a1a1830 JavaThread "HikariPool-1:housekeeper"   daemon [_thread_blocked, id=27504, stack(0x00000088e4b00000,0x00000088e4c00000) (1024K)]
  0x000001c21831ca70 JavaThread "File Watcher"               daemon [_thread_blocked, id=20668, stack(0x00000088e4d00000,0x00000088e4e00000) (1024K)]
  0x000001c21831da10 JavaThread "http-nio-8080-exec-1"       daemon [_thread_blocked, id=28964, stack(0x00000088e4e00000,0x00000088e4f00000) (1024K)]
  0x000001c2134ad6c0 JavaThread "http-nio-8080-exec-2"       daemon [_thread_blocked, id=65692, stack(0x00000088e4f00000,0x00000088e5000000) (1024K)]
  0x000001c218be5100 JavaThread "http-nio-8080-exec-3"       daemon [_thread_blocked, id=31600, stack(0x00000088e5000000,0x00000088e5100000) (1024K)]
  0x000001c21b00aab0 JavaThread "http-nio-8080-exec-4"       daemon [_thread_blocked, id=79452, stack(0x00000088e5100000,0x00000088e5200000) (1024K)]
  0x000001c21b008b70 JavaThread "http-nio-8080-exec-5"       daemon [_thread_blocked, id=41200, stack(0x00000088e5200000,0x00000088e5300000) (1024K)]
  0x000001c21b00a2e0 JavaThread "http-nio-8080-exec-6"       daemon [_thread_blocked, id=38008, stack(0x00000088e5300000,0x00000088e5400000) (1024K)]
  0x000001c21b00b280 JavaThread "http-nio-8080-exec-7"       daemon [_thread_blocked, id=45744, stack(0x00000088e5400000,0x00000088e5500000) (1024K)]
  0x000001c21b00c220 JavaThread "http-nio-8080-exec-8"       daemon [_thread_blocked, id=36876, stack(0x00000088e5500000,0x00000088e5600000) (1024K)]
  0x000001c21b00d990 JavaThread "http-nio-8080-exec-9"       daemon [_thread_blocked, id=59732, stack(0x00000088e5600000,0x00000088e5700000) (1024K)]
  0x000001c21b00f100 JavaThread "http-nio-8080-exec-10"      daemon [_thread_blocked, id=50396, stack(0x00000088e5700000,0x00000088e5800000) (1024K)]
  0x000001c21b0212c0 JavaThread "http-nio-8080-Poller"       daemon [_thread_in_native, id=69760, stack(0x00000088e5800000,0x00000088e5900000) (1024K)]
  0x000001c21b01f380 JavaThread "http-nio-8080-Acceptor"     daemon [_thread_in_native, id=21252, stack(0x00000088e5900000,0x00000088e5a00000) (1024K)]
  0x000001c21b01e3e0 JavaThread "DestroyJavaVM"                     [_thread_blocked, id=76568, stack(0x00000088e2300000,0x00000088e2400000) (1024K)]
  0x000001c21b023200 JavaThread "JMX server connection timeout 100" daemon [_thread_blocked, id=8956, stack(0x00000088e2100000,0x00000088e2200000) (1024K)]
  0x000001c21b022260 JavaThread "RMI TCP Connection(24)-10.130.238.153" daemon [_thread_in_native, id=51448, stack(0x00000088e2200000,0x00000088e2300000) (1024K)]
  0x000001c2134ade90 JavaThread "JFR Recorder Thread"        daemon [_thread_in_native, id=54784, stack(0x00000088e2000000,0x00000088e2100000) (1024K)]
  0x000001c21b2cc0b0 JavaThread "C1 CompilerThread1"         daemon [_thread_blocked, id=78944, stack(0x00000088e3200000,0x00000088e3300000) (1024K)]
  0x000001c218be2220 JavaThread "JFR Periodic Tasks"         daemon [_thread_blocked, id=28076, stack(0x00000088e3400000,0x00000088e3500000) (1024K)]
Total: 36

Other Threads:
  0x000001c210b8c940 VMThread "VM Thread"                           [id=52340, stack(0x00000088e2a00000,0x00000088e2b00000) (1024K)]
  0x000001c210b7f4b0 WatcherThread "VM Periodic Task Thread"        [id=69880, stack(0x00000088e2900000,0x00000088e2a00000) (1024K)]
  0x000001c27ddcdef0 WorkerThread "GC Thread#0"                     [id=52820, stack(0x00000088e2400000,0x00000088e2500000) (1024K)]
  0x000001c218e8cf50 WorkerThread "GC Thread#1"                     [id=28660, stack(0x00000088e3e00000,0x00000088e3f00000) (1024K)]
  0x000001c218e8db90 WorkerThread "GC Thread#2"                     [id=58164, stack(0x00000088e3f00000,0x00000088e4000000) (1024K)]
  0x000001c218e8fae0 WorkerThread "GC Thread#3"                     [id=76960, stack(0x00000088e4000000,0x00000088e4100000) (1024K)]
  0x000001c218e90730 WorkerThread "GC Thread#4"                     [id=61172, stack(0x00000088e4100000,0x00000088e4200000) (1024K)]
  0x000001c218e93090 WorkerThread "GC Thread#5"                     [id=11440, stack(0x00000088e4200000,0x00000088e4300000) (1024K)]
  0x000001c2188b12d0 WorkerThread "GC Thread#6"                     [id=16552, stack(0x00000088e4300000,0x00000088e4400000) (1024K)]
  0x000001c2188b1720 WorkerThread "GC Thread#7"                     [id=41656, stack(0x00000088e4400000,0x00000088e4500000) (1024K)]
  0x000001c2000cf3e0 ConcurrentGCThread "G1 Main Marker"            [id=57288, stack(0x00000088e2500000,0x00000088e2600000) (1024K)]
  0x000001c210a227b0 WorkerThread "G1 Conc#0"                       [id=74876, stack(0x00000088e2600000,0x00000088e2700000) (1024K)]
  0x000001c2190ce100 WorkerThread "G1 Conc#1"                       [id=58600, stack(0x00000088e4600000,0x00000088e4700000) (1024K)]
  0x000001c2000fe500 ConcurrentGCThread "G1 Refine#0"               [id=35228, stack(0x00000088e2700000,0x00000088e2800000) (1024K)]
  0x000001c210a4f070 ConcurrentGCThread "G1 Service"                [id=54204, stack(0x00000088e2800000,0x00000088e2900000) (1024K)]
Total: 15

Threads with active compile tasks:
Total: 0

VM state: not at safepoint (normal execution)

VM Mutex/Monitor currently owned by a thread: None

Heap address: 0x0000000704400000, size: 4028 MB, Compressed Oops mode: Zero based, Oop shift amount: 3

CDS archive(s) mapped at: [0x0000000029000000-0x0000000029dd0000-0x0000000029dd0000), size 14483456, SharedBaseAddress: 0x0000000029000000, ArchiveRelocationMode: 1.
Compressed class space mapped at: 0x000000002a000000-0x000000006a000000, reserved size: 1073741824
UseCompressedClassPointers 1, UseCompactObjectHeaders 0
Narrow klass pointer bits 32, Max shift 3
Narrow klass base: 0x0000000029000000, Narrow klass shift: 0
Encoding Range: [0x0000000029000000 - 0x0000000129000000), (4294967296 bytes)
Klass Range:    [0x0000000029010000 - 0x000000006a000000), (1090453504 bytes)
Klass ID Range:  [65536 - 1090519033) (1090453497)
Protection zone: [0x0000000029000000 - 0x0000000029010000), (65536 bytes)

GC Precious Log:
 CardTable entry size: 512
 Card Set container configuration: InlinePtr #cards 4 size 8 Array Of Cards #cards 16 size 48 Howl #buckets 8 coarsen threshold 3686 Howl Bitmap #cards 512 size 80 coarsen threshold 460 Card regions per heap region 1 cards per card region 4096
 CPUs: 8 total, 8 available
 Memory: 16110M
 Large Page Support: Disabled
 NUMA Support: Disabled
 Compressed Oops: Enabled (Zero based)
 Heap Region Size: 2M
 Heap Min Capacity: 8M
 Heap Initial Capacity: 252M
 Heap Max Capacity: 4028M
 Pre-touch: Disabled
 Parallel Workers: 8
 Concurrent Workers: 2
 Concurrent Refinement Workers: 8
 Periodic GC: Disabled

Heap:
 garbage-first heap   total reserved 4124672K, committed 851968K, used 211231K [0x0000000704400000, 0x0000000800000000)
  region size 2048K, 85 young (174080K), 3 survivors (6144K)

Heap Regions: E=young(eden), S=young(survivor), O=old, HS=humongous(starts), HC=humongous(continues), CS=collection set, F=free, TAMS=top-at-mark-start, PB=parsable bottom
|   0|0x0000000704400000, 0x0000000704600000, 0x0000000704600000|100%| O|  |TAMS 0x0000000704400000| PB 0x0000000704400000| Untracked |  0
|   1|0x0000000704600000, 0x0000000704600000, 0x0000000704800000|  0%| F|  |TAMS 0x0000000704600000| PB 0x0000000704600000| Untracked |  0
|   2|0x0000000704800000, 0x0000000704a00000, 0x0000000704a00000|100%| O|  |TAMS 0x0000000704800000| PB 0x0000000704800000| Untracked |  0
|   3|0x0000000704a00000, 0x0000000704c00000, 0x0000000704c00000|100%| O|  |TAMS 0x0000000704a00000| PB 0x0000000704a00000| Untracked |  0
|   4|0x0000000704c00000, 0x0000000704e00000, 0x0000000704e00000|100%| O|  |TAMS 0x0000000704c00000| PB 0x0000000704c00000| Untracked |  0
|   5|0x0000000704e00000, 0x0000000705000000, 0x0000000705000000|100%| O|  |TAMS 0x0000000704e00000| PB 0x0000000704e00000| Untracked |  0
|   6|0x0000000705000000, 0x0000000705200000, 0x0000000705200000|100%| O|  |TAMS 0x0000000705000000| PB 0x0000000705000000| Untracked |  0
|   7|0x0000000705200000, 0x0000000705200000, 0x0000000705400000|  0%| F|  |TAMS 0x0000000705200000| PB 0x0000000705200000| Untracked |  0
|   8|0x0000000705400000, 0x0000000705600000, 0x0000000705600000|100%| O|  |TAMS 0x0000000705400000| PB 0x0000000705400000| Untracked |  0
|   9|0x0000000705600000, 0x0000000705800000, 0x0000000705800000|100%| O|  |TAMS 0x0000000705600000| PB 0x0000000705600000| Untracked |  0
|  10|0x0000000705800000, 0x0000000705800000, 0x0000000705a00000|  0%| F|  |TAMS 0x0000000705800000| PB 0x0000000705800000| Untracked |  0
|  11|0x0000000705a00000, 0x0000000705a00000, 0x0000000705c00000|  0%| F|  |TAMS 0x0000000705a00000| PB 0x0000000705a00000| Untracked |  0
|  12|0x0000000705c00000, 0x0000000705e00000, 0x0000000705e00000|100%| O|  |TAMS 0x0000000705c00000| PB 0x0000000705c00000| Untracked |  0
|  13|0x0000000705e00000, 0x0000000705e00000, 0x0000000706000000|  0%| F|  |TAMS 0x0000000705e00000| PB 0x0000000705e00000| Untracked |  0
|  14|0x0000000706000000, 0x0000000706200000, 0x0000000706200000|100%| O|  |TAMS 0x0000000706000000| PB 0x0000000706000000| Untracked |  0
|  15|0x0000000706200000, 0x0000000706200000, 0x0000000706400000|  0%| F|  |TAMS 0x0000000706200000| PB 0x0000000706200000| Untracked |  0
|  16|0x0000000706400000, 0x0000000706600000, 0x0000000706600000|100%| O|  |TAMS 0x0000000706400000| PB 0x0000000706400000| Untracked |  0
|  17|0x0000000706600000, 0x0000000706800000, 0x0000000706800000|100%| O|  |TAMS 0x0000000706600000| PB 0x0000000706600000| Untracked |  0
|  18|0x0000000706800000, 0x0000000706a00000, 0x0000000706a00000|100%| O|  |TAMS 0x0000000706800000| PB 0x0000000706800000| Untracked |  0
|  19|0x0000000706a00000, 0x0000000706a00000, 0x0000000706c00000|  0%| F|  |TAMS 0x0000000706a00000| PB 0x0000000706a00000| Untracked |  0
|  20|0x0000000706c00000, 0x0000000706c00000, 0x0000000706e00000|  0%| F|  |TAMS 0x0000000706c00000| PB 0x0000000706c00000| Untracked |  0
|  21|0x0000000706e00000, 0x0000000706e00000, 0x0000000707000000|  0%| F|  |TAMS 0x0000000706e00000| PB 0x0000000706e00000| Untracked |  0
|  22|0x0000000707000000, 0x0000000707000000, 0x0000000707200000|  0%| F|  |TAMS 0x0000000707000000| PB 0x0000000707000000| Untracked |  0
|  23|0x0000000707200000, 0x0000000707200000, 0x0000000707400000|  0%| F|  |TAMS 0x0000000707200000| PB 0x0000000707200000| Untracked |  0
|  24|0x0000000707400000, 0x0000000707400000, 0x0000000707600000|  0%| F|  |TAMS 0x0000000707400000| PB 0x0000000707400000| Untracked |  0
|  25|0x0000000707600000, 0x0000000707600000, 0x0000000707800000|  0%| F|  |TAMS 0x0000000707600000| PB 0x0000000707600000| Untracked |  0
|  26|0x0000000707800000, 0x0000000707800000, 0x0000000707a00000|  0%| F|  |TAMS 0x0000000707800000| PB 0x0000000707800000| Untracked |  0
|  27|0x0000000707a00000, 0x0000000707a00000, 0x0000000707c00000|  0%| F|  |TAMS 0x0000000707a00000| PB 0x0000000707a00000| Untracked |  0
|  28|0x0000000707c00000, 0x0000000707c00000, 0x0000000707e00000|  0%| F|  |TAMS 0x0000000707c00000| PB 0x0000000707c00000| Untracked |  0
|  29|0x0000000707e00000, 0x0000000707e00000, 0x0000000708000000|  0%| F|  |TAMS 0x0000000707e00000| PB 0x0000000707e00000| Untracked |  0
|  30|0x0000000708000000, 0x0000000708000000, 0x0000000708200000|  0%| F|  |TAMS 0x0000000708000000| PB 0x0000000708000000| Untracked |  0
|  31|0x0000000708200000, 0x0000000708200000, 0x0000000708400000|  0%| F|  |TAMS 0x0000000708200000| PB 0x0000000708200000| Untracked |  0
|  32|0x0000000708400000, 0x0000000708400000, 0x0000000708600000|  0%| F|  |TAMS 0x0000000708400000| PB 0x0000000708400000| Untracked |  0
|  33|0x0000000708600000, 0x0000000708600000, 0x0000000708800000|  0%| F|  |TAMS 0x0000000708600000| PB 0x0000000708600000| Untracked |  0
|  34|0x0000000708800000, 0x0000000708800000, 0x0000000708a00000|  0%| F|  |TAMS 0x0000000708800000| PB 0x0000000708800000| Untracked |  0
|  35|0x0000000708a00000, 0x0000000708a00000, 0x0000000708c00000|  0%| F|  |TAMS 0x0000000708a00000| PB 0x0000000708a00000| Untracked |  0
|  36|0x0000000708c00000, 0x0000000708c00000, 0x0000000708e00000|  0%| F|  |TAMS 0x0000000708c00000| PB 0x0000000708c00000| Untracked |  0
|  37|0x0000000708e00000, 0x0000000708e00000, 0x0000000709000000|  0%| F|  |TAMS 0x0000000708e00000| PB 0x0000000708e00000| Untracked |  0
|  38|0x0000000709000000, 0x0000000709000000, 0x0000000709200000|  0%| F|  |TAMS 0x0000000709000000| PB 0x0000000709000000| Untracked |  0
|  39|0x0000000709200000, 0x0000000709200000, 0x0000000709400000|  0%| F|  |TAMS 0x0000000709200000| PB 0x0000000709200000| Untracked |  0
|  40|0x0000000709400000, 0x0000000709400000, 0x0000000709600000|  0%| F|  |TAMS 0x0000000709400000| PB 0x0000000709400000| Untracked |  0
|  41|0x0000000709600000, 0x0000000709600000, 0x0000000709800000|  0%| F|  |TAMS 0x0000000709600000| PB 0x0000000709600000| Untracked |  0
|  42|0x0000000709800000, 0x0000000709800000, 0x0000000709a00000|  0%| F|  |TAMS 0x0000000709800000| PB 0x0000000709800000| Untracked |  0
|  43|0x0000000709a00000, 0x0000000709a00000, 0x0000000709c00000|  0%| F|  |TAMS 0x0000000709a00000| PB 0x0000000709a00000| Untracked |  0
|  44|0x0000000709c00000, 0x0000000709c00000, 0x0000000709e00000|  0%| F|  |TAMS 0x0000000709c00000| PB 0x0000000709c00000| Untracked |  0
|  45|0x0000000709e00000, 0x0000000709e00000, 0x000000070a000000|  0%| F|  |TAMS 0x0000000709e00000| PB 0x0000000709e00000| Untracked |  0
|  46|0x000000070a000000, 0x000000070a000000, 0x000000070a200000|  0%| F|  |TAMS 0x000000070a000000| PB 0x000000070a000000| Untracked |  0
|  47|0x000000070a200000, 0x000000070a200000, 0x000000070a400000|  0%| F|  |TAMS 0x000000070a200000| PB 0x000000070a200000| Untracked |  0
|  48|0x000000070a400000, 0x000000070a400000, 0x000000070a600000|  0%| F|  |TAMS 0x000000070a400000| PB 0x000000070a400000| Untracked |  0
|  49|0x000000070a600000, 0x000000070a600000, 0x000000070a800000|  0%| F|  |TAMS 0x000000070a600000| PB 0x000000070a600000| Untracked |  0
|  50|0x000000070a800000, 0x000000070a800000, 0x000000070aa00000|  0%| F|  |TAMS 0x000000070a800000| PB 0x000000070a800000| Untracked |  0
|  51|0x000000070aa00000, 0x000000070aa00000, 0x000000070ac00000|  0%| F|  |TAMS 0x000000070aa00000| PB 0x000000070aa00000| Untracked |  0
|  52|0x000000070ac00000, 0x000000070ac00000, 0x000000070ae00000|  0%| F|  |TAMS 0x000000070ac00000| PB 0x000000070ac00000| Untracked |  0
|  53|0x000000070ae00000, 0x000000070ae00000, 0x000000070b000000|  0%| F|  |TAMS 0x000000070ae00000| PB 0x000000070ae00000| Untracked |  0
|  54|0x000000070b000000, 0x000000070b000000, 0x000000070b200000|  0%| F|  |TAMS 0x000000070b000000| PB 0x000000070b000000| Untracked |  0
|  55|0x000000070b200000, 0x000000070b200000, 0x000000070b400000|  0%| F|  |TAMS 0x000000070b200000| PB 0x000000070b200000| Untracked |  0
|  56|0x000000070b400000, 0x000000070b400000, 0x000000070b600000|  0%| F|  |TAMS 0x000000070b400000| PB 0x000000070b400000| Untracked |  0
|  57|0x000000070b600000, 0x000000070b600000, 0x000000070b800000|  0%| F|  |TAMS 0x000000070b600000| PB 0x000000070b600000| Untracked |  0
|  58|0x000000070b800000, 0x000000070b800000, 0x000000070ba00000|  0%| F|  |TAMS 0x000000070b800000| PB 0x000000070b800000| Untracked |  0
|  59|0x000000070ba00000, 0x000000070ba00000, 0x000000070bc00000|  0%| F|  |TAMS 0x000000070ba00000| PB 0x000000070ba00000| Untracked |  0
|  60|0x000000070bc00000, 0x000000070bc00000, 0x000000070be00000|  0%| F|  |TAMS 0x000000070bc00000| PB 0x000000070bc00000| Untracked |  0
|  61|0x000000070be00000, 0x000000070be00000, 0x000000070c000000|  0%| F|  |TAMS 0x000000070be00000| PB 0x000000070be00000| Untracked |  0
|  62|0x000000070c000000, 0x000000070c000000, 0x000000070c200000|  0%| F|  |TAMS 0x000000070c000000| PB 0x000000070c000000| Untracked |  0
|  63|0x000000070c200000, 0x000000070c200000, 0x000000070c400000|  0%| F|  |TAMS 0x000000070c200000| PB 0x000000070c200000| Untracked |  0
|  64|0x000000070c400000, 0x000000070c400000, 0x000000070c600000|  0%| F|  |TAMS 0x000000070c400000| PB 0x000000070c400000| Untracked |  0
|  65|0x000000070c600000, 0x000000070c600000, 0x000000070c800000|  0%| F|  |TAMS 0x000000070c600000| PB 0x000000070c600000| Untracked |  0
|  66|0x000000070c800000, 0x000000070c800000, 0x000000070ca00000|  0%| F|  |TAMS 0x000000070c800000| PB 0x000000070c800000| Untracked |  0
|  67|0x000000070ca00000, 0x000000070ca00000, 0x000000070cc00000|  0%| F|  |TAMS 0x000000070ca00000| PB 0x000000070ca00000| Untracked |  0
|  68|0x000000070cc00000, 0x000000070cc00000, 0x000000070ce00000|  0%| F|  |TAMS 0x000000070cc00000| PB 0x000000070cc00000| Untracked |  0
|  69|0x000000070ce00000, 0x000000070ce00000, 0x000000070d000000|  0%| F|  |TAMS 0x000000070ce00000| PB 0x000000070ce00000| Untracked |  0
|  70|0x000000070d000000, 0x000000070d000000, 0x000000070d200000|  0%| F|  |TAMS 0x000000070d000000| PB 0x000000070d000000| Untracked |  0
|  71|0x000000070d200000, 0x000000070d200000, 0x000000070d400000|  0%| F|  |TAMS 0x000000070d200000| PB 0x000000070d200000| Untracked |  0
|  72|0x000000070d400000, 0x000000070d400000, 0x000000070d600000|  0%| F|  |TAMS 0x000000070d400000| PB 0x000000070d400000| Untracked |  0
|  73|0x000000070d600000, 0x000000070d600000, 0x000000070d800000|  0%| F|  |TAMS 0x000000070d600000| PB 0x000000070d600000| Untracked |  0
|  74|0x000000070d800000, 0x000000070d800000, 0x000000070da00000|  0%| F|  |TAMS 0x000000070d800000| PB 0x000000070d800000| Untracked |  0
|  75|0x000000070da00000, 0x000000070da00000, 0x000000070dc00000|  0%| F|  |TAMS 0x000000070da00000| PB 0x000000070da00000| Untracked |  0
|  76|0x000000070dc00000, 0x000000070dc00000, 0x000000070de00000|  0%| F|  |TAMS 0x000000070dc00000| PB 0x000000070dc00000| Untracked |  0
|  77|0x000000070de00000, 0x000000070de00000, 0x000000070e000000|  0%| F|  |TAMS 0x000000070de00000| PB 0x000000070de00000| Untracked |  0
|  78|0x000000070e000000, 0x000000070e000000, 0x000000070e200000|  0%| F|  |TAMS 0x000000070e000000| PB 0x000000070e000000| Untracked |  0
|  79|0x000000070e200000, 0x000000070e200000, 0x000000070e400000|  0%| F|  |TAMS 0x000000070e200000| PB 0x000000070e200000| Untracked |  0
|  80|0x000000070e400000, 0x000000070e400000, 0x000000070e600000|  0%| F|  |TAMS 0x000000070e400000| PB 0x000000070e400000| Untracked |  0
|  81|0x000000070e600000, 0x000000070e600000, 0x000000070e800000|  0%| F|  |TAMS 0x000000070e600000| PB 0x000000070e600000| Untracked |  0
|  82|0x000000070e800000, 0x000000070e800000, 0x000000070ea00000|  0%| F|  |TAMS 0x000000070e800000| PB 0x000000070e800000| Untracked |  0
|  83|0x000000070ea00000, 0x000000070ea00000, 0x000000070ec00000|  0%| F|  |TAMS 0x000000070ea00000| PB 0x000000070ea00000| Untracked |  0
|  84|0x000000070ec00000, 0x000000070ec00000, 0x000000070ee00000|  0%| F|  |TAMS 0x000000070ec00000| PB 0x000000070ec00000| Untracked |  0
|  85|0x000000070ee00000, 0x000000070ee00000, 0x000000070f000000|  0%| F|  |TAMS 0x000000070ee00000| PB 0x000000070ee00000| Untracked |  0
|  86|0x000000070f000000, 0x000000070f000000, 0x000000070f200000|  0%| F|  |TAMS 0x000000070f000000| PB 0x000000070f000000| Untracked |  0
|  87|0x000000070f200000, 0x000000070f200000, 0x000000070f400000|  0%| F|  |TAMS 0x000000070f200000| PB 0x000000070f200000| Untracked |  0
|  88|0x000000070f400000, 0x000000070f400000, 0x000000070f600000|  0%| F|  |TAMS 0x000000070f400000| PB 0x000000070f400000| Untracked |  0
|  89|0x000000070f600000, 0x000000070f600000, 0x000000070f800000|  0%| F|  |TAMS 0x000000070f600000| PB 0x000000070f600000| Untracked |  0
|  90|0x000000070f800000, 0x000000070f800000, 0x000000070fa00000|  0%| F|  |TAMS 0x000000070f800000| PB 0x000000070f800000| Untracked |  0
|  91|0x000000070fa00000, 0x000000070fa00000, 0x000000070fc00000|  0%| F|  |TAMS 0x000000070fa00000| PB 0x000000070fa00000| Untracked |  0
|  92|0x000000070fc00000, 0x000000070fc00000, 0x000000070fe00000|  0%| F|  |TAMS 0x000000070fc00000| PB 0x000000070fc00000| Untracked |  0
|  93|0x000000070fe00000, 0x000000070fe00000, 0x0000000710000000|  0%| F|  |TAMS 0x000000070fe00000| PB 0x000000070fe00000| Untracked |  0
|  94|0x0000000710000000, 0x0000000710000000, 0x0000000710200000|  0%| F|  |TAMS 0x0000000710000000| PB 0x0000000710000000| Untracked |  0
|  95|0x0000000710200000, 0x0000000710200000, 0x0000000710400000|  0%| F|  |TAMS 0x0000000710200000| PB 0x0000000710200000| Untracked |  0
|  96|0x0000000710400000, 0x0000000710400000, 0x0000000710600000|  0%| F|  |TAMS 0x0000000710400000| PB 0x0000000710400000| Untracked |  0
|  97|0x0000000710600000, 0x0000000710600000, 0x0000000710800000|  0%| F|  |TAMS 0x0000000710600000| PB 0x0000000710600000| Untracked |  0
|  98|0x0000000710800000, 0x0000000710800000, 0x0000000710a00000|  0%| F|  |TAMS 0x0000000710800000| PB 0x0000000710800000| Untracked |  0
|  99|0x0000000710a00000, 0x0000000710a00000, 0x0000000710c00000|  0%| F|  |TAMS 0x0000000710a00000| PB 0x0000000710a00000| Untracked |  0
| 100|0x0000000710c00000, 0x0000000710c00000, 0x0000000710e00000|  0%| F|  |TAMS 0x0000000710c00000| PB 0x0000000710c00000| Untracked |  0
| 101|0x0000000710e00000, 0x0000000710e00000, 0x0000000711000000|  0%| F|  |TAMS 0x0000000710e00000| PB 0x0000000710e00000| Untracked |  0
| 102|0x0000000711000000, 0x0000000711000000, 0x0000000711200000|  0%| F|  |TAMS 0x0000000711000000| PB 0x0000000711000000| Untracked |  0
| 103|0x0000000711200000, 0x0000000711200000, 0x0000000711400000|  0%| F|  |TAMS 0x0000000711200000| PB 0x0000000711200000| Untracked |  0
| 104|0x0000000711400000, 0x0000000711400000, 0x0000000711600000|  0%| F|  |TAMS 0x0000000711400000| PB 0x0000000711400000| Untracked |  0
| 105|0x0000000711600000, 0x0000000711600000, 0x0000000711800000|  0%| F|  |TAMS 0x0000000711600000| PB 0x0000000711600000| Untracked |  0
| 106|0x0000000711800000, 0x0000000711800000, 0x0000000711a00000|  0%| F|  |TAMS 0x0000000711800000| PB 0x0000000711800000| Untracked |  0
| 107|0x0000000711a00000, 0x0000000711a00000, 0x0000000711c00000|  0%| F|  |TAMS 0x0000000711a00000| PB 0x0000000711a00000| Untracked |  0
| 108|0x0000000711c00000, 0x0000000711c00000, 0x0000000711e00000|  0%| F|  |TAMS 0x0000000711c00000| PB 0x0000000711c00000| Untracked |  0
| 109|0x0000000711e00000, 0x0000000711e00000, 0x0000000712000000|  0%| F|  |TAMS 0x0000000711e00000| PB 0x0000000711e00000| Untracked |  0
| 110|0x0000000712000000, 0x0000000712000000, 0x0000000712200000|  0%| F|  |TAMS 0x0000000712000000| PB 0x0000000712000000| Untracked |  0
| 111|0x0000000712200000, 0x0000000712200000, 0x0000000712400000|  0%| F|  |TAMS 0x0000000712200000| PB 0x0000000712200000| Untracked |  0
| 112|0x0000000712400000, 0x0000000712400000, 0x0000000712600000|  0%| F|  |TAMS 0x0000000712400000| PB 0x0000000712400000| Untracked |  0
| 113|0x0000000712600000, 0x0000000712600000, 0x0000000712800000|  0%| F|  |TAMS 0x0000000712600000| PB 0x0000000712600000| Untracked |  0
| 114|0x0000000712800000, 0x0000000712800000, 0x0000000712a00000|  0%| F|  |TAMS 0x0000000712800000| PB 0x0000000712800000| Untracked |  0
| 115|0x0000000712a00000, 0x0000000712a00000, 0x0000000712c00000|  0%| F|  |TAMS 0x0000000712a00000| PB 0x0000000712a00000| Untracked |  0
| 116|0x0000000712c00000, 0x0000000712c00000, 0x0000000712e00000|  0%| F|  |TAMS 0x0000000712c00000| PB 0x0000000712c00000| Untracked |  0
| 117|0x0000000712e00000, 0x0000000712e00000, 0x0000000713000000|  0%| F|  |TAMS 0x0000000712e00000| PB 0x0000000712e00000| Untracked |  0
| 118|0x0000000713000000, 0x0000000713000000, 0x0000000713200000|  0%| F|  |TAMS 0x0000000713000000| PB 0x0000000713000000| Untracked |  0
| 119|0x0000000713200000, 0x0000000713200000, 0x0000000713400000|  0%| F|  |TAMS 0x0000000713200000| PB 0x0000000713200000| Untracked |  0
| 120|0x0000000713400000, 0x0000000713400000, 0x0000000713600000|  0%| F|  |TAMS 0x0000000713400000| PB 0x0000000713400000| Untracked |  0
| 121|0x0000000713600000, 0x0000000713600000, 0x0000000713800000|  0%| F|  |TAMS 0x0000000713600000| PB 0x0000000713600000| Untracked |  0
| 122|0x0000000713800000, 0x0000000713a00000, 0x0000000713a00000|100%| S|CS|TAMS 0x0000000713800000| PB 0x0000000713800000| Complete |  0
| 123|0x0000000713a00000, 0x0000000713c00000, 0x0000000713c00000|100%| S|CS|TAMS 0x0000000713a00000| PB 0x0000000713a00000| Complete |  0
| 124|0x0000000713c00000, 0x0000000713c5ba48, 0x0000000713e00000| 17%| S|CS|TAMS 0x0000000713c00000| PB 0x0000000713c00000| Complete |  0
| 125|0x0000000713e00000, 0x0000000713e00000, 0x0000000714000000|  0%| F|  |TAMS 0x0000000713e00000| PB 0x0000000713e00000| Untracked |  0
| 126|0x0000000714000000, 0x0000000714000000, 0x0000000714200000|  0%| F|  |TAMS 0x0000000714000000| PB 0x0000000714000000| Untracked |  0
| 127|0x0000000714200000, 0x0000000714200000, 0x0000000714400000|  0%| F|  |TAMS 0x0000000714200000| PB 0x0000000714200000| Untracked |  0
| 128|0x0000000714400000, 0x0000000714400000, 0x0000000714600000|  0%| F|  |TAMS 0x0000000714400000| PB 0x0000000714400000| Untracked |  0
| 129|0x0000000714600000, 0x0000000714600000, 0x0000000714800000|  0%| F|  |TAMS 0x0000000714600000| PB 0x0000000714600000| Untracked |  0
| 130|0x0000000714800000, 0x0000000714800000, 0x0000000714a00000|  0%| F|  |TAMS 0x0000000714800000| PB 0x0000000714800000| Untracked |  0
| 131|0x0000000714a00000, 0x0000000714a00000, 0x0000000714c00000|  0%| F|  |TAMS 0x0000000714a00000| PB 0x0000000714a00000| Untracked |  0
| 132|0x0000000714c00000, 0x0000000714c00000, 0x0000000714e00000|  0%| F|  |TAMS 0x0000000714c00000| PB 0x0000000714c00000| Untracked |  0
| 133|0x0000000714e00000, 0x0000000714e00000, 0x0000000715000000|  0%| F|  |TAMS 0x0000000714e00000| PB 0x0000000714e00000| Untracked |  0
| 134|0x0000000715000000, 0x0000000715000000, 0x0000000715200000|  0%| F|  |TAMS 0x0000000715000000| PB 0x0000000715000000| Untracked |  0
| 135|0x0000000715200000, 0x0000000715200000, 0x0000000715400000|  0%| F|  |TAMS 0x0000000715200000| PB 0x0000000715200000| Untracked |  0
| 136|0x0000000715400000, 0x0000000715400000, 0x0000000715600000|  0%| F|  |TAMS 0x0000000715400000| PB 0x0000000715400000| Untracked |  0
| 137|0x0000000715600000, 0x0000000715600000, 0x0000000715800000|  0%| F|  |TAMS 0x0000000715600000| PB 0x0000000715600000| Untracked |  0
| 138|0x0000000715800000, 0x0000000715800000, 0x0000000715a00000|  0%| F|  |TAMS 0x0000000715800000| PB 0x0000000715800000| Untracked |  0
| 139|0x0000000715a00000, 0x0000000715a00000, 0x0000000715c00000|  0%| F|  |TAMS 0x0000000715a00000| PB 0x0000000715a00000| Untracked |  0
| 140|0x0000000715c00000, 0x0000000715c00000, 0x0000000715e00000|  0%| F|  |TAMS 0x0000000715c00000| PB 0x0000000715c00000| Untracked |  0
| 141|0x0000000715e00000, 0x0000000715e00000, 0x0000000716000000|  0%| F|  |TAMS 0x0000000715e00000| PB 0x0000000715e00000| Untracked |  0
| 142|0x0000000716000000, 0x0000000716000000, 0x0000000716200000|  0%| F|  |TAMS 0x0000000716000000| PB 0x0000000716000000| Untracked |  0
| 143|0x0000000716200000, 0x0000000716200000, 0x0000000716400000|  0%| F|  |TAMS 0x0000000716200000| PB 0x0000000716200000| Untracked |  0
| 144|0x0000000716400000, 0x0000000716400000, 0x0000000716600000|  0%| F|  |TAMS 0x0000000716400000| PB 0x0000000716400000| Untracked |  0
| 145|0x0000000716600000, 0x0000000716600000, 0x0000000716800000|  0%| F|  |TAMS 0x0000000716600000| PB 0x0000000716600000| Untracked |  0
| 146|0x0000000716800000, 0x0000000716800000, 0x0000000716a00000|  0%| F|  |TAMS 0x0000000716800000| PB 0x0000000716800000| Untracked |  0
| 147|0x0000000716a00000, 0x0000000716a00000, 0x0000000716c00000|  0%| F|  |TAMS 0x0000000716a00000| PB 0x0000000716a00000| Untracked |  0
| 148|0x0000000716c00000, 0x0000000716c00000, 0x0000000716e00000|  0%| F|  |TAMS 0x0000000716c00000| PB 0x0000000716c00000| Untracked |  0
| 149|0x0000000716e00000, 0x0000000716e00000, 0x0000000717000000|  0%| F|  |TAMS 0x0000000716e00000| PB 0x0000000716e00000| Untracked |  0
| 150|0x0000000717000000, 0x0000000717000000, 0x0000000717200000|  0%| F|  |TAMS 0x0000000717000000| PB 0x0000000717000000| Untracked |  0
| 151|0x0000000717200000, 0x0000000717200000, 0x0000000717400000|  0%| F|  |TAMS 0x0000000717200000| PB 0x0000000717200000| Untracked |  0
| 152|0x0000000717400000, 0x0000000717400000, 0x0000000717600000|  0%| F|  |TAMS 0x0000000717400000| PB 0x0000000717400000| Untracked |  0
| 153|0x0000000717600000, 0x0000000717600000, 0x0000000717800000|  0%| F|  |TAMS 0x0000000717600000| PB 0x0000000717600000| Untracked |  0
| 154|0x0000000717800000, 0x0000000717800000, 0x0000000717a00000|  0%| F|  |TAMS 0x0000000717800000| PB 0x0000000717800000| Untracked |  0
| 155|0x0000000717a00000, 0x0000000717a00000, 0x0000000717c00000|  0%| F|  |TAMS 0x0000000717a00000| PB 0x0000000717a00000| Untracked |  0
| 156|0x0000000717c00000, 0x0000000717c00000, 0x0000000717e00000|  0%| F|  |TAMS 0x0000000717c00000| PB 0x0000000717c00000| Untracked |  0
| 157|0x0000000717e00000, 0x0000000717e00000, 0x0000000718000000|  0%| F|  |TAMS 0x0000000717e00000| PB 0x0000000717e00000| Untracked |  0
| 158|0x0000000718000000, 0x0000000718000000, 0x0000000718200000|  0%| F|  |TAMS 0x0000000718000000| PB 0x0000000718000000| Untracked |  0
| 159|0x0000000718200000, 0x0000000718200000, 0x0000000718400000|  0%| F|  |TAMS 0x0000000718200000| PB 0x0000000718200000| Untracked |  0
| 160|0x0000000718400000, 0x0000000718400000, 0x0000000718600000|  0%| F|  |TAMS 0x0000000718400000| PB 0x0000000718400000| Untracked |  0
| 161|0x0000000718600000, 0x0000000718600000, 0x0000000718800000|  0%| F|  |TAMS 0x0000000718600000| PB 0x0000000718600000| Untracked |  0
| 162|0x0000000718800000, 0x0000000718800000, 0x0000000718a00000|  0%| F|  |TAMS 0x0000000718800000| PB 0x0000000718800000| Untracked |  0
| 163|0x0000000718a00000, 0x0000000718a00000, 0x0000000718c00000|  0%| F|  |TAMS 0x0000000718a00000| PB 0x0000000718a00000| Untracked |  0
| 164|0x0000000718c00000, 0x0000000718c00000, 0x0000000718e00000|  0%| F|  |TAMS 0x0000000718c00000| PB 0x0000000718c00000| Untracked |  0
| 165|0x0000000718e00000, 0x0000000718e00000, 0x0000000719000000|  0%| F|  |TAMS 0x0000000718e00000| PB 0x0000000718e00000| Untracked |  0
| 166|0x0000000719000000, 0x0000000719000000, 0x0000000719200000|  0%| F|  |TAMS 0x0000000719000000| PB 0x0000000719000000| Untracked |  0
| 167|0x0000000719200000, 0x0000000719200000, 0x0000000719400000|  0%| F|  |TAMS 0x0000000719200000| PB 0x0000000719200000| Untracked |  0
| 168|0x0000000719400000, 0x0000000719400000, 0x0000000719600000|  0%| F|  |TAMS 0x0000000719400000| PB 0x0000000719400000| Untracked |  0
| 169|0x0000000719600000, 0x0000000719600000, 0x0000000719800000|  0%| F|  |TAMS 0x0000000719600000| PB 0x0000000719600000| Untracked |  0
| 170|0x0000000719800000, 0x0000000719800000, 0x0000000719a00000|  0%| F|  |TAMS 0x0000000719800000| PB 0x0000000719800000| Untracked |  0
| 171|0x0000000719a00000, 0x0000000719a00000, 0x0000000719c00000|  0%| F|  |TAMS 0x0000000719a00000| PB 0x0000000719a00000| Untracked |  0
| 172|0x0000000719c00000, 0x0000000719c00000, 0x0000000719e00000|  0%| F|  |TAMS 0x0000000719c00000| PB 0x0000000719c00000| Untracked |  0
| 173|0x0000000719e00000, 0x0000000719e00000, 0x000000071a000000|  0%| F|  |TAMS 0x0000000719e00000| PB 0x0000000719e00000| Untracked |  0
| 174|0x000000071a000000, 0x000000071a000000, 0x000000071a200000|  0%| F|  |TAMS 0x000000071a000000| PB 0x000000071a000000| Untracked |  0
| 175|0x000000071a200000, 0x000000071a200000, 0x000000071a400000|  0%| F|  |TAMS 0x000000071a200000| PB 0x000000071a200000| Untracked |  0
| 176|0x000000071a400000, 0x000000071a400000, 0x000000071a600000|  0%| F|  |TAMS 0x000000071a400000| PB 0x000000071a400000| Untracked |  0
| 177|0x000000071a600000, 0x000000071a600000, 0x000000071a800000|  0%| F|  |TAMS 0x000000071a600000| PB 0x000000071a600000| Untracked |  0
| 178|0x000000071a800000, 0x000000071a800000, 0x000000071aa00000|  0%| F|  |TAMS 0x000000071a800000| PB 0x000000071a800000| Untracked |  0
| 179|0x000000071aa00000, 0x000000071aa00000, 0x000000071ac00000|  0%| F|  |TAMS 0x000000071aa00000| PB 0x000000071aa00000| Untracked |  0
| 180|0x000000071ac00000, 0x000000071ac00000, 0x000000071ae00000|  0%| F|  |TAMS 0x000000071ac00000| PB 0x000000071ac00000| Untracked |  0
| 181|0x000000071ae00000, 0x000000071ae00000, 0x000000071b000000|  0%| F|  |TAMS 0x000000071ae00000| PB 0x000000071ae00000| Untracked |  0
| 182|0x000000071b000000, 0x000000071b000000, 0x000000071b200000|  0%| F|  |TAMS 0x000000071b000000| PB 0x000000071b000000| Untracked |  0
| 183|0x000000071b200000, 0x000000071b200000, 0x000000071b400000|  0%| F|  |TAMS 0x000000071b200000| PB 0x000000071b200000| Untracked |  0
| 184|0x000000071b400000, 0x000000071b400000, 0x000000071b600000|  0%| F|  |TAMS 0x000000071b400000| PB 0x000000071b400000| Untracked |  0
| 185|0x000000071b600000, 0x000000071b600000, 0x000000071b800000|  0%| F|  |TAMS 0x000000071b600000| PB 0x000000071b600000| Untracked |  0
| 186|0x000000071b800000, 0x000000071b800000, 0x000000071ba00000|  0%| F|  |TAMS 0x000000071b800000| PB 0x000000071b800000| Untracked |  0
| 187|0x000000071ba00000, 0x000000071ba00000, 0x000000071bc00000|  0%| F|  |TAMS 0x000000071ba00000| PB 0x000000071ba00000| Untracked |  0
| 188|0x000000071bc00000, 0x000000071bc00000, 0x000000071be00000|  0%| F|  |TAMS 0x000000071bc00000| PB 0x000000071bc00000| Untracked |  0
| 189|0x000000071be00000, 0x000000071be00000, 0x000000071c000000|  0%| F|  |TAMS 0x000000071be00000| PB 0x000000071be00000| Untracked |  0
| 190|0x000000071c000000, 0x000000071c000000, 0x000000071c200000|  0%| F|  |TAMS 0x000000071c000000| PB 0x000000071c000000| Untracked |  0
| 191|0x000000071c200000, 0x000000071c200000, 0x000000071c400000|  0%| F|  |TAMS 0x000000071c200000| PB 0x000000071c200000| Untracked |  0
| 192|0x000000071c400000, 0x000000071c400000, 0x000000071c600000|  0%| F|  |TAMS 0x000000071c400000| PB 0x000000071c400000| Untracked |  0
| 193|0x000000071c600000, 0x000000071c600000, 0x000000071c800000|  0%| F|  |TAMS 0x000000071c600000| PB 0x000000071c600000| Untracked |  0
| 194|0x000000071c800000, 0x000000071c800000, 0x000000071ca00000|  0%| F|  |TAMS 0x000000071c800000| PB 0x000000071c800000| Untracked |  0
| 195|0x000000071ca00000, 0x000000071ca00000, 0x000000071cc00000|  0%| F|  |TAMS 0x000000071ca00000| PB 0x000000071ca00000| Untracked |  0
| 196|0x000000071cc00000, 0x000000071cc00000, 0x000000071ce00000|  0%| F|  |TAMS 0x000000071cc00000| PB 0x000000071cc00000| Untracked |  0
| 197|0x000000071ce00000, 0x000000071ce00000, 0x000000071d000000|  0%| F|  |TAMS 0x000000071ce00000| PB 0x000000071ce00000| Untracked |  0
| 198|0x000000071d000000, 0x000000071d000000, 0x000000071d200000|  0%| F|  |TAMS 0x000000071d000000| PB 0x000000071d000000| Untracked |  0
| 199|0x000000071d200000, 0x000000071d200000, 0x000000071d400000|  0%| F|  |TAMS 0x000000071d200000| PB 0x000000071d200000| Untracked |  0
| 200|0x000000071d400000, 0x000000071d400000, 0x000000071d600000|  0%| F|  |TAMS 0x000000071d400000| PB 0x000000071d400000| Untracked |  0
| 201|0x000000071d600000, 0x000000071d600000, 0x000000071d800000|  0%| F|  |TAMS 0x000000071d600000| PB 0x000000071d600000| Untracked |  0
| 202|0x000000071d800000, 0x000000071d800000, 0x000000071da00000|  0%| F|  |TAMS 0x000000071d800000| PB 0x000000071d800000| Untracked |  0
| 203|0x000000071da00000, 0x000000071da00000, 0x000000071dc00000|  0%| F|  |TAMS 0x000000071da00000| PB 0x000000071da00000| Untracked |  0
| 204|0x000000071dc00000, 0x000000071dc00000, 0x000000071de00000|  0%| F|  |TAMS 0x000000071dc00000| PB 0x000000071dc00000| Untracked |  0
| 205|0x000000071de00000, 0x000000071de00000, 0x000000071e000000|  0%| F|  |TAMS 0x000000071de00000| PB 0x000000071de00000| Untracked |  0
| 206|0x000000071e000000, 0x000000071e000000, 0x000000071e200000|  0%| F|  |TAMS 0x000000071e000000| PB 0x000000071e000000| Untracked |  0
| 207|0x000000071e200000, 0x000000071e200000, 0x000000071e400000|  0%| F|  |TAMS 0x000000071e200000| PB 0x000000071e200000| Untracked |  0
| 208|0x000000071e400000, 0x000000071e400000, 0x000000071e600000|  0%| F|  |TAMS 0x000000071e400000| PB 0x000000071e400000| Untracked |  0
| 209|0x000000071e600000, 0x000000071e600000, 0x000000071e800000|  0%| F|  |TAMS 0x000000071e600000| PB 0x000000071e600000| Untracked |  0
| 210|0x000000071e800000, 0x000000071e800000, 0x000000071ea00000|  0%| F|  |TAMS 0x000000071e800000| PB 0x000000071e800000| Untracked |  0
| 211|0x000000071ea00000, 0x000000071ea00000, 0x000000071ec00000|  0%| F|  |TAMS 0x000000071ea00000| PB 0x000000071ea00000| Untracked |  0
| 212|0x000000071ec00000, 0x000000071ec00000, 0x000000071ee00000|  0%| F|  |TAMS 0x000000071ec00000| PB 0x000000071ec00000| Untracked |  0
| 213|0x000000071ee00000, 0x000000071ee00000, 0x000000071f000000|  0%| F|  |TAMS 0x000000071ee00000| PB 0x000000071ee00000| Untracked |  0
| 214|0x000000071f000000, 0x000000071f000000, 0x000000071f200000|  0%| F|  |TAMS 0x000000071f000000| PB 0x000000071f000000| Untracked |  0
| 215|0x000000071f200000, 0x000000071f200000, 0x000000071f400000|  0%| F|  |TAMS 0x000000071f200000| PB 0x000000071f200000| Untracked |  0
| 216|0x000000071f400000, 0x000000071f400000, 0x000000071f600000|  0%| F|  |TAMS 0x000000071f400000| PB 0x000000071f400000| Untracked |  0
| 217|0x000000071f600000, 0x000000071f600000, 0x000000071f800000|  0%| F|  |TAMS 0x000000071f600000| PB 0x000000071f600000| Untracked |  0
| 218|0x000000071f800000, 0x000000071f800000, 0x000000071fa00000|  0%| F|  |TAMS 0x000000071f800000| PB 0x000000071f800000| Untracked |  0
| 219|0x000000071fa00000, 0x000000071fa00000, 0x000000071fc00000|  0%| F|  |TAMS 0x000000071fa00000| PB 0x000000071fa00000| Untracked |  0
| 220|0x000000071fc00000, 0x000000071fc00000, 0x000000071fe00000|  0%| F|  |TAMS 0x000000071fc00000| PB 0x000000071fc00000| Untracked |  0
| 221|0x000000071fe00000, 0x000000071fe00000, 0x0000000720000000|  0%| F|  |TAMS 0x000000071fe00000| PB 0x000000071fe00000| Untracked |  0
| 222|0x0000000720000000, 0x0000000720000000, 0x0000000720200000|  0%| F|  |TAMS 0x0000000720000000| PB 0x0000000720000000| Untracked |  0
| 223|0x0000000720200000, 0x0000000720200000, 0x0000000720400000|  0%| F|  |TAMS 0x0000000720200000| PB 0x0000000720200000| Untracked |  0
| 224|0x0000000720400000, 0x0000000720400000, 0x0000000720600000|  0%| F|  |TAMS 0x0000000720400000| PB 0x0000000720400000| Untracked |  0
| 225|0x0000000720600000, 0x0000000720600000, 0x0000000720800000|  0%| F|  |TAMS 0x0000000720600000| PB 0x0000000720600000| Untracked |  0
| 226|0x0000000720800000, 0x0000000720800000, 0x0000000720a00000|  0%| F|  |TAMS 0x0000000720800000| PB 0x0000000720800000| Untracked |  0
| 227|0x0000000720a00000, 0x0000000720a00000, 0x0000000720c00000|  0%| F|  |TAMS 0x0000000720a00000| PB 0x0000000720a00000| Untracked |  0
| 228|0x0000000720c00000, 0x0000000720c00000, 0x0000000720e00000|  0%| F|  |TAMS 0x0000000720c00000| PB 0x0000000720c00000| Untracked |  0
| 229|0x0000000720e00000, 0x0000000720e00000, 0x0000000721000000|  0%| F|  |TAMS 0x0000000720e00000| PB 0x0000000720e00000| Untracked |  0
| 230|0x0000000721000000, 0x0000000721000000, 0x0000000721200000|  0%| F|  |TAMS 0x0000000721000000| PB 0x0000000721000000| Untracked |  0
| 231|0x0000000721200000, 0x0000000721200000, 0x0000000721400000|  0%| F|  |TAMS 0x0000000721200000| PB 0x0000000721200000| Untracked |  0
| 232|0x0000000721400000, 0x0000000721400000, 0x0000000721600000|  0%| F|  |TAMS 0x0000000721400000| PB 0x0000000721400000| Untracked |  0
| 233|0x0000000721600000, 0x0000000721600000, 0x0000000721800000|  0%| F|  |TAMS 0x0000000721600000| PB 0x0000000721600000| Untracked |  0
| 234|0x0000000721800000, 0x0000000721800000, 0x0000000721a00000|  0%| F|  |TAMS 0x0000000721800000| PB 0x0000000721800000| Untracked |  0
| 235|0x0000000721a00000, 0x0000000721a00000, 0x0000000721c00000|  0%| F|  |TAMS 0x0000000721a00000| PB 0x0000000721a00000| Untracked |  0
| 236|0x0000000721c00000, 0x0000000721c00000, 0x0000000721e00000|  0%| F|  |TAMS 0x0000000721c00000| PB 0x0000000721c00000| Untracked |  0
| 237|0x0000000721e00000, 0x0000000721e00000, 0x0000000722000000|  0%| F|  |TAMS 0x0000000721e00000| PB 0x0000000721e00000| Untracked |  0
| 238|0x0000000722000000, 0x0000000722000000, 0x0000000722200000|  0%| F|  |TAMS 0x0000000722000000| PB 0x0000000722000000| Untracked |  0
| 239|0x0000000722200000, 0x0000000722200000, 0x0000000722400000|  0%| F|  |TAMS 0x0000000722200000| PB 0x0000000722200000| Untracked |  0
| 240|0x0000000722400000, 0x0000000722400000, 0x0000000722600000|  0%| F|  |TAMS 0x0000000722400000| PB 0x0000000722400000| Untracked |  0
| 241|0x0000000722600000, 0x0000000722600000, 0x0000000722800000|  0%| F|  |TAMS 0x0000000722600000| PB 0x0000000722600000| Untracked |  0
| 242|0x0000000722800000, 0x0000000722800000, 0x0000000722a00000|  0%| F|  |TAMS 0x0000000722800000| PB 0x0000000722800000| Untracked |  0
| 243|0x0000000722a00000, 0x0000000722a00000, 0x0000000722c00000|  0%| F|  |TAMS 0x0000000722a00000| PB 0x0000000722a00000| Untracked |  0
| 244|0x0000000722c00000, 0x0000000722c00000, 0x0000000722e00000|  0%| F|  |TAMS 0x0000000722c00000| PB 0x0000000722c00000| Untracked |  0
| 245|0x0000000722e00000, 0x0000000722e00000, 0x0000000723000000|  0%| F|  |TAMS 0x0000000722e00000| PB 0x0000000722e00000| Untracked |  0
| 246|0x0000000723000000, 0x0000000723000000, 0x0000000723200000|  0%| F|  |TAMS 0x0000000723000000| PB 0x0000000723000000| Untracked |  0
| 247|0x0000000723200000, 0x0000000723200000, 0x0000000723400000|  0%| F|  |TAMS 0x0000000723200000| PB 0x0000000723200000| Untracked |  0
| 248|0x0000000723400000, 0x0000000723400000, 0x0000000723600000|  0%| F|  |TAMS 0x0000000723400000| PB 0x0000000723400000| Untracked |  0
| 249|0x0000000723600000, 0x0000000723600000, 0x0000000723800000|  0%| F|  |TAMS 0x0000000723600000| PB 0x0000000723600000| Untracked |  0
| 250|0x0000000723800000, 0x0000000723800000, 0x0000000723a00000|  0%| F|  |TAMS 0x0000000723800000| PB 0x0000000723800000| Untracked |  0
| 251|0x0000000723a00000, 0x0000000723a00000, 0x0000000723c00000|  0%| F|  |TAMS 0x0000000723a00000| PB 0x0000000723a00000| Untracked |  0
| 252|0x0000000723c00000, 0x0000000723c00000, 0x0000000723e00000|  0%| F|  |TAMS 0x0000000723c00000| PB 0x0000000723c00000| Untracked |  0
| 253|0x0000000723e00000, 0x0000000723e00000, 0x0000000724000000|  0%| F|  |TAMS 0x0000000723e00000| PB 0x0000000723e00000| Untracked |  0
| 254|0x0000000724000000, 0x0000000724000000, 0x0000000724200000|  0%| F|  |TAMS 0x0000000724000000| PB 0x0000000724000000| Untracked |  0
| 255|0x0000000724200000, 0x0000000724200000, 0x0000000724400000|  0%| F|  |TAMS 0x0000000724200000| PB 0x0000000724200000| Untracked |  0
| 256|0x0000000724400000, 0x0000000724400000, 0x0000000724600000|  0%| F|  |TAMS 0x0000000724400000| PB 0x0000000724400000| Untracked |  0
| 257|0x0000000724600000, 0x0000000724600000, 0x0000000724800000|  0%| F|  |TAMS 0x0000000724600000| PB 0x0000000724600000| Untracked |  0
| 258|0x0000000724800000, 0x0000000724800000, 0x0000000724a00000|  0%| F|  |TAMS 0x0000000724800000| PB 0x0000000724800000| Untracked |  0
| 259|0x0000000724a00000, 0x0000000724a00000, 0x0000000724c00000|  0%| F|  |TAMS 0x0000000724a00000| PB 0x0000000724a00000| Untracked |  0
| 260|0x0000000724c00000, 0x0000000724c00000, 0x0000000724e00000|  0%| F|  |TAMS 0x0000000724c00000| PB 0x0000000724c00000| Untracked |  0
| 261|0x0000000724e00000, 0x0000000724e00000, 0x0000000725000000|  0%| F|  |TAMS 0x0000000724e00000| PB 0x0000000724e00000| Untracked |  0
| 262|0x0000000725000000, 0x0000000725000000, 0x0000000725200000|  0%| F|  |TAMS 0x0000000725000000| PB 0x0000000725000000| Untracked |  0
| 263|0x0000000725200000, 0x0000000725200000, 0x0000000725400000|  0%| F|  |TAMS 0x0000000725200000| PB 0x0000000725200000| Untracked |  0
| 264|0x0000000725400000, 0x0000000725400000, 0x0000000725600000|  0%| F|  |TAMS 0x0000000725400000| PB 0x0000000725400000| Untracked |  0
| 265|0x0000000725600000, 0x0000000725600000, 0x0000000725800000|  0%| F|  |TAMS 0x0000000725600000| PB 0x0000000725600000| Untracked |  0
| 266|0x0000000725800000, 0x0000000725800000, 0x0000000725a00000|  0%| F|  |TAMS 0x0000000725800000| PB 0x0000000725800000| Untracked |  0
| 267|0x0000000725a00000, 0x0000000725a00000, 0x0000000725c00000|  0%| F|  |TAMS 0x0000000725a00000| PB 0x0000000725a00000| Untracked |  0
| 268|0x0000000725c00000, 0x0000000725c00000, 0x0000000725e00000|  0%| F|  |TAMS 0x0000000725c00000| PB 0x0000000725c00000| Untracked |  0
| 269|0x0000000725e00000, 0x0000000725e00000, 0x0000000726000000|  0%| F|  |TAMS 0x0000000725e00000| PB 0x0000000725e00000| Untracked |  0
| 270|0x0000000726000000, 0x0000000726000000, 0x0000000726200000|  0%| F|  |TAMS 0x0000000726000000| PB 0x0000000726000000| Untracked |  0
| 271|0x0000000726200000, 0x0000000726200000, 0x0000000726400000|  0%| F|  |TAMS 0x0000000726200000| PB 0x0000000726200000| Untracked |  0
| 272|0x0000000726400000, 0x0000000726400000, 0x0000000726600000|  0%| F|  |TAMS 0x0000000726400000| PB 0x0000000726400000| Untracked |  0
| 273|0x0000000726600000, 0x0000000726600000, 0x0000000726800000|  0%| F|  |TAMS 0x0000000726600000| PB 0x0000000726600000| Untracked |  0
| 274|0x0000000726800000, 0x0000000726800000, 0x0000000726a00000|  0%| F|  |TAMS 0x0000000726800000| PB 0x0000000726800000| Untracked |  0
| 275|0x0000000726a00000, 0x0000000726a00000, 0x0000000726c00000|  0%| F|  |TAMS 0x0000000726a00000| PB 0x0000000726a00000| Untracked |  0
| 276|0x0000000726c00000, 0x0000000726c00000, 0x0000000726e00000|  0%| F|  |TAMS 0x0000000726c00000| PB 0x0000000726c00000| Untracked |  0
| 277|0x0000000726e00000, 0x0000000726e00000, 0x0000000727000000|  0%| F|  |TAMS 0x0000000726e00000| PB 0x0000000726e00000| Untracked |  0
| 278|0x0000000727000000, 0x0000000727000000, 0x0000000727200000|  0%| F|  |TAMS 0x0000000727000000| PB 0x0000000727000000| Untracked |  0
| 279|0x0000000727200000, 0x0000000727200000, 0x0000000727400000|  0%| F|  |TAMS 0x0000000727200000| PB 0x0000000727200000| Untracked |  0
| 280|0x0000000727400000, 0x0000000727400000, 0x0000000727600000|  0%| F|  |TAMS 0x0000000727400000| PB 0x0000000727400000| Untracked |  0
| 281|0x0000000727600000, 0x0000000727600000, 0x0000000727800000|  0%| F|  |TAMS 0x0000000727600000| PB 0x0000000727600000| Untracked |  0
| 282|0x0000000727800000, 0x0000000727800000, 0x0000000727a00000|  0%| F|  |TAMS 0x0000000727800000| PB 0x0000000727800000| Untracked |  0
| 283|0x0000000727a00000, 0x0000000727a00000, 0x0000000727c00000|  0%| F|  |TAMS 0x0000000727a00000| PB 0x0000000727a00000| Untracked |  0
| 284|0x0000000727c00000, 0x0000000727c00000, 0x0000000727e00000|  0%| F|  |TAMS 0x0000000727c00000| PB 0x0000000727c00000| Untracked |  0
| 285|0x0000000727e00000, 0x0000000727e00000, 0x0000000728000000|  0%| F|  |TAMS 0x0000000727e00000| PB 0x0000000727e00000| Untracked |  0
| 286|0x0000000728000000, 0x0000000728000000, 0x0000000728200000|  0%| F|  |TAMS 0x0000000728000000| PB 0x0000000728000000| Untracked |  0
| 287|0x0000000728200000, 0x0000000728200000, 0x0000000728400000|  0%| F|  |TAMS 0x0000000728200000| PB 0x0000000728200000| Untracked |  0
| 288|0x0000000728400000, 0x0000000728400000, 0x0000000728600000|  0%| F|  |TAMS 0x0000000728400000| PB 0x0000000728400000| Untracked |  0
| 289|0x0000000728600000, 0x0000000728600000, 0x0000000728800000|  0%| F|  |TAMS 0x0000000728600000| PB 0x0000000728600000| Untracked |  0
| 290|0x0000000728800000, 0x0000000728800000, 0x0000000728a00000|  0%| F|  |TAMS 0x0000000728800000| PB 0x0000000728800000| Untracked |  0
| 291|0x0000000728a00000, 0x0000000728a00000, 0x0000000728c00000|  0%| F|  |TAMS 0x0000000728a00000| PB 0x0000000728a00000| Untracked |  0
| 292|0x0000000728c00000, 0x0000000728c00000, 0x0000000728e00000|  0%| F|  |TAMS 0x0000000728c00000| PB 0x0000000728c00000| Untracked |  0
| 293|0x0000000728e00000, 0x0000000728e00000, 0x0000000729000000|  0%| F|  |TAMS 0x0000000728e00000| PB 0x0000000728e00000| Untracked |  0
| 294|0x0000000729000000, 0x0000000729000000, 0x0000000729200000|  0%| F|  |TAMS 0x0000000729000000| PB 0x0000000729000000| Untracked |  0
| 295|0x0000000729200000, 0x0000000729200000, 0x0000000729400000|  0%| F|  |TAMS 0x0000000729200000| PB 0x0000000729200000| Untracked |  0
| 296|0x0000000729400000, 0x0000000729400000, 0x0000000729600000|  0%| F|  |TAMS 0x0000000729400000| PB 0x0000000729400000| Untracked |  0
| 297|0x0000000729600000, 0x0000000729600000, 0x0000000729800000|  0%| F|  |TAMS 0x0000000729600000| PB 0x0000000729600000| Untracked |  0
| 298|0x0000000729800000, 0x0000000729800000, 0x0000000729a00000|  0%| F|  |TAMS 0x0000000729800000| PB 0x0000000729800000| Untracked |  0
| 299|0x0000000729a00000, 0x0000000729a00000, 0x0000000729c00000|  0%| F|  |TAMS 0x0000000729a00000| PB 0x0000000729a00000| Untracked |  0
| 300|0x0000000729c00000, 0x0000000729c00000, 0x0000000729e00000|  0%| F|  |TAMS 0x0000000729c00000| PB 0x0000000729c00000| Untracked |  0
| 301|0x0000000729e00000, 0x0000000729e00000, 0x000000072a000000|  0%| F|  |TAMS 0x0000000729e00000| PB 0x0000000729e00000| Untracked |  0
| 302|0x000000072a000000, 0x000000072a000000, 0x000000072a200000|  0%| F|  |TAMS 0x000000072a000000| PB 0x000000072a000000| Untracked |  0
| 303|0x000000072a200000, 0x000000072a200000, 0x000000072a400000|  0%| F|  |TAMS 0x000000072a200000| PB 0x000000072a200000| Untracked |  0
| 304|0x000000072a400000, 0x000000072a400000, 0x000000072a600000|  0%| F|  |TAMS 0x000000072a400000| PB 0x000000072a400000| Untracked |  0
| 305|0x000000072a600000, 0x000000072a600000, 0x000000072a800000|  0%| F|  |TAMS 0x000000072a600000| PB 0x000000072a600000| Untracked |  0
| 306|0x000000072a800000, 0x000000072a800000, 0x000000072aa00000|  0%| F|  |TAMS 0x000000072a800000| PB 0x000000072a800000| Untracked |  0
| 307|0x000000072aa00000, 0x000000072aa00000, 0x000000072ac00000|  0%| F|  |TAMS 0x000000072aa00000| PB 0x000000072aa00000| Untracked |  0
| 308|0x000000072ac00000, 0x000000072ac00000, 0x000000072ae00000|  0%| F|  |TAMS 0x000000072ac00000| PB 0x000000072ac00000| Untracked |  0
| 309|0x000000072ae00000, 0x000000072ae00000, 0x000000072b000000|  0%| F|  |TAMS 0x000000072ae00000| PB 0x000000072ae00000| Untracked |  0
| 310|0x000000072b000000, 0x000000072b000000, 0x000000072b200000|  0%| F|  |TAMS 0x000000072b000000| PB 0x000000072b000000| Untracked |  0
| 311|0x000000072b200000, 0x000000072b200000, 0x000000072b400000|  0%| F|  |TAMS 0x000000072b200000| PB 0x000000072b200000| Untracked |  0
| 312|0x000000072b400000, 0x000000072b400000, 0x000000072b600000|  0%| F|  |TAMS 0x000000072b400000| PB 0x000000072b400000| Untracked |  0
| 313|0x000000072b600000, 0x000000072b600000, 0x000000072b800000|  0%| F|  |TAMS 0x000000072b600000| PB 0x000000072b600000| Untracked |  0
| 314|0x000000072b800000, 0x000000072b800000, 0x000000072ba00000|  0%| F|  |TAMS 0x000000072b800000| PB 0x000000072b800000| Untracked |  0
| 315|0x000000072ba00000, 0x000000072ba00000, 0x000000072bc00000|  0%| F|  |TAMS 0x000000072ba00000| PB 0x000000072ba00000| Untracked |  0
| 316|0x000000072bc00000, 0x000000072bc00000, 0x000000072be00000|  0%| F|  |TAMS 0x000000072bc00000| PB 0x000000072bc00000| Untracked |  0
| 317|0x000000072be00000, 0x000000072be00000, 0x000000072c000000|  0%| F|  |TAMS 0x000000072be00000| PB 0x000000072be00000| Untracked |  0
| 318|0x000000072c000000, 0x000000072c000000, 0x000000072c200000|  0%| F|  |TAMS 0x000000072c000000| PB 0x000000072c000000| Untracked |  0
| 319|0x000000072c200000, 0x000000072c200000, 0x000000072c400000|  0%| F|  |TAMS 0x000000072c200000| PB 0x000000072c200000| Untracked |  0
| 320|0x000000072c400000, 0x000000072c400000, 0x000000072c600000|  0%| F|  |TAMS 0x000000072c400000| PB 0x000000072c400000| Untracked |  0
| 321|0x000000072c600000, 0x000000072c600000, 0x000000072c800000|  0%| F|  |TAMS 0x000000072c600000| PB 0x000000072c600000| Untracked |  0
| 322|0x000000072c800000, 0x000000072c800000, 0x000000072ca00000|  0%| F|  |TAMS 0x000000072c800000| PB 0x000000072c800000| Untracked |  0
| 323|0x000000072ca00000, 0x000000072ca00000, 0x000000072cc00000|  0%| F|  |TAMS 0x000000072ca00000| PB 0x000000072ca00000| Untracked |  0
| 324|0x000000072cc00000, 0x000000072cc00000, 0x000000072ce00000|  0%| F|  |TAMS 0x000000072cc00000| PB 0x000000072cc00000| Untracked |  0
| 325|0x000000072ce00000, 0x000000072ce00000, 0x000000072d000000|  0%| F|  |TAMS 0x000000072ce00000| PB 0x000000072ce00000| Untracked |  0
| 326|0x000000072d000000, 0x000000072d000000, 0x000000072d200000|  0%| F|  |TAMS 0x000000072d000000| PB 0x000000072d000000| Untracked |  0
| 327|0x000000072d200000, 0x000000072d300000, 0x000000072d400000| 50%| E|  |TAMS 0x000000072d200000| PB 0x000000072d200000| Complete |  0
| 328|0x000000072d400000, 0x000000072d600000, 0x000000072d600000|100%| E|CS|TAMS 0x000000072d400000| PB 0x000000072d400000| Complete |  0
| 329|0x000000072d600000, 0x000000072d800000, 0x000000072d800000|100%| E|CS|TAMS 0x000000072d600000| PB 0x000000072d600000| Complete |  0
| 330|0x000000072d800000, 0x000000072da00000, 0x000000072da00000|100%| E|CS|TAMS 0x000000072d800000| PB 0x000000072d800000| Complete |  0
| 331|0x000000072da00000, 0x000000072dc00000, 0x000000072dc00000|100%| E|CS|TAMS 0x000000072da00000| PB 0x000000072da00000| Complete |  0
| 332|0x000000072dc00000, 0x000000072de00000, 0x000000072de00000|100%| E|CS|TAMS 0x000000072dc00000| PB 0x000000072dc00000| Complete |  0
| 333|0x000000072de00000, 0x000000072e000000, 0x000000072e000000|100%| E|CS|TAMS 0x000000072de00000| PB 0x000000072de00000| Complete |  0
| 334|0x000000072e000000, 0x000000072e200000, 0x000000072e200000|100%| E|CS|TAMS 0x000000072e000000| PB 0x000000072e000000| Complete |  0
| 335|0x000000072e200000, 0x000000072e400000, 0x000000072e400000|100%| E|CS|TAMS 0x000000072e200000| PB 0x000000072e200000| Complete |  0
| 336|0x000000072e400000, 0x000000072e600000, 0x000000072e600000|100%| E|CS|TAMS 0x000000072e400000| PB 0x000000072e400000| Complete |  0
| 337|0x000000072e600000, 0x000000072e800000, 0x000000072e800000|100%| E|CS|TAMS 0x000000072e600000| PB 0x000000072e600000| Complete |  0
| 338|0x000000072e800000, 0x000000072ea00000, 0x000000072ea00000|100%| E|CS|TAMS 0x000000072e800000| PB 0x000000072e800000| Complete |  0
| 339|0x000000072ea00000, 0x000000072ec00000, 0x000000072ec00000|100%| E|CS|TAMS 0x000000072ea00000| PB 0x000000072ea00000| Complete |  0
| 340|0x000000072ec00000, 0x000000072ee00000, 0x000000072ee00000|100%| E|CS|TAMS 0x000000072ec00000| PB 0x000000072ec00000| Complete |  0
| 341|0x000000072ee00000, 0x000000072f000000, 0x000000072f000000|100%| E|CS|TAMS 0x000000072ee00000| PB 0x000000072ee00000| Complete |  0
| 342|0x000000072f000000, 0x000000072f200000, 0x000000072f200000|100%| E|CS|TAMS 0x000000072f000000| PB 0x000000072f000000| Complete |  0
| 343|0x000000072f200000, 0x000000072f400000, 0x000000072f400000|100%| E|CS|TAMS 0x000000072f200000| PB 0x000000072f200000| Complete |  0
| 344|0x000000072f400000, 0x000000072f600000, 0x000000072f600000|100%| E|CS|TAMS 0x000000072f400000| PB 0x000000072f400000| Complete |  0
| 345|0x000000072f600000, 0x000000072f800000, 0x000000072f800000|100%| E|CS|TAMS 0x000000072f600000| PB 0x000000072f600000| Complete |  0
| 346|0x000000072f800000, 0x000000072fa00000, 0x000000072fa00000|100%| E|CS|TAMS 0x000000072f800000| PB 0x000000072f800000| Complete |  0
| 347|0x000000072fa00000, 0x000000072fc00000, 0x000000072fc00000|100%| E|CS|TAMS 0x000000072fa00000| PB 0x000000072fa00000| Complete |  0
| 348|0x000000072fc00000, 0x000000072fe00000, 0x000000072fe00000|100%| E|CS|TAMS 0x000000072fc00000| PB 0x000000072fc00000| Complete |  0
| 349|0x000000072fe00000, 0x0000000730000000, 0x0000000730000000|100%| E|CS|TAMS 0x000000072fe00000| PB 0x000000072fe00000| Complete |  0
| 350|0x0000000730000000, 0x0000000730200000, 0x0000000730200000|100%| E|CS|TAMS 0x0000000730000000| PB 0x0000000730000000| Complete |  0
| 351|0x0000000730200000, 0x0000000730400000, 0x0000000730400000|100%| E|CS|TAMS 0x0000000730200000| PB 0x0000000730200000| Complete |  0
| 352|0x0000000730400000, 0x0000000730600000, 0x0000000730600000|100%| E|CS|TAMS 0x0000000730400000| PB 0x0000000730400000| Complete |  0
| 353|0x0000000730600000, 0x0000000730800000, 0x0000000730800000|100%| E|CS|TAMS 0x0000000730600000| PB 0x0000000730600000| Complete |  0
| 354|0x0000000730800000, 0x0000000730a00000, 0x0000000730a00000|100%| E|CS|TAMS 0x0000000730800000| PB 0x0000000730800000| Complete |  0
| 355|0x0000000730a00000, 0x0000000730c00000, 0x0000000730c00000|100%| E|CS|TAMS 0x0000000730a00000| PB 0x0000000730a00000| Complete |  0
| 356|0x0000000730c00000, 0x0000000730e00000, 0x0000000730e00000|100%| E|CS|TAMS 0x0000000730c00000| PB 0x0000000730c00000| Complete |  0
| 357|0x0000000730e00000, 0x0000000731000000, 0x0000000731000000|100%| E|CS|TAMS 0x0000000730e00000| PB 0x0000000730e00000| Complete |  0
| 358|0x0000000731000000, 0x0000000731200000, 0x0000000731200000|100%| E|CS|TAMS 0x0000000731000000| PB 0x0000000731000000| Complete |  0
| 359|0x0000000731200000, 0x0000000731400000, 0x0000000731400000|100%| E|CS|TAMS 0x0000000731200000| PB 0x0000000731200000| Complete |  0
| 360|0x0000000731400000, 0x0000000731600000, 0x0000000731600000|100%| E|CS|TAMS 0x0000000731400000| PB 0x0000000731400000| Complete |  0
| 361|0x0000000731600000, 0x0000000731800000, 0x0000000731800000|100%| E|CS|TAMS 0x0000000731600000| PB 0x0000000731600000| Complete |  0
| 362|0x0000000731800000, 0x0000000731a00000, 0x0000000731a00000|100%| E|CS|TAMS 0x0000000731800000| PB 0x0000000731800000| Complete |  0
| 363|0x0000000731a00000, 0x0000000731c00000, 0x0000000731c00000|100%| E|CS|TAMS 0x0000000731a00000| PB 0x0000000731a00000| Complete |  0
| 364|0x0000000731c00000, 0x0000000731e00000, 0x0000000731e00000|100%| E|CS|TAMS 0x0000000731c00000| PB 0x0000000731c00000| Complete |  0
| 365|0x0000000731e00000, 0x0000000732000000, 0x0000000732000000|100%| E|CS|TAMS 0x0000000731e00000| PB 0x0000000731e00000| Complete |  0
| 366|0x0000000732000000, 0x0000000732200000, 0x0000000732200000|100%| E|CS|TAMS 0x0000000732000000| PB 0x0000000732000000| Complete |  0
| 367|0x0000000732200000, 0x0000000732400000, 0x0000000732400000|100%| E|CS|TAMS 0x0000000732200000| PB 0x0000000732200000| Complete |  0
| 368|0x0000000732400000, 0x0000000732600000, 0x0000000732600000|100%| E|CS|TAMS 0x0000000732400000| PB 0x0000000732400000| Complete |  0
| 369|0x0000000732600000, 0x0000000732800000, 0x0000000732800000|100%| E|CS|TAMS 0x0000000732600000| PB 0x0000000732600000| Complete |  0
| 370|0x0000000732800000, 0x0000000732a00000, 0x0000000732a00000|100%| E|CS|TAMS 0x0000000732800000| PB 0x0000000732800000| Complete |  0
| 371|0x0000000732a00000, 0x0000000732c00000, 0x0000000732c00000|100%| E|CS|TAMS 0x0000000732a00000| PB 0x0000000732a00000| Complete |  0
| 372|0x0000000732c00000, 0x0000000732e00000, 0x0000000732e00000|100%| E|CS|TAMS 0x0000000732c00000| PB 0x0000000732c00000| Complete |  0
| 373|0x0000000732e00000, 0x0000000733000000, 0x0000000733000000|100%| E|CS|TAMS 0x0000000732e00000| PB 0x0000000732e00000| Complete |  0
| 374|0x0000000733000000, 0x0000000733200000, 0x0000000733200000|100%| E|CS|TAMS 0x0000000733000000| PB 0x0000000733000000| Complete |  0
| 375|0x0000000733200000, 0x0000000733400000, 0x0000000733400000|100%| E|CS|TAMS 0x0000000733200000| PB 0x0000000733200000| Complete |  0
| 376|0x0000000733400000, 0x0000000733600000, 0x0000000733600000|100%| E|CS|TAMS 0x0000000733400000| PB 0x0000000733400000| Complete |  0
| 377|0x0000000733600000, 0x0000000733800000, 0x0000000733800000|100%| E|CS|TAMS 0x0000000733600000| PB 0x0000000733600000| Complete |  0
| 378|0x0000000733800000, 0x0000000733a00000, 0x0000000733a00000|100%| E|CS|TAMS 0x0000000733800000| PB 0x0000000733800000| Complete |  0
| 379|0x0000000733a00000, 0x0000000733c00000, 0x0000000733c00000|100%| E|CS|TAMS 0x0000000733a00000| PB 0x0000000733a00000| Complete |  0
| 380|0x0000000733c00000, 0x0000000733e00000, 0x0000000733e00000|100%| E|CS|TAMS 0x0000000733c00000| PB 0x0000000733c00000| Complete |  0
| 381|0x0000000733e00000, 0x0000000734000000, 0x0000000734000000|100%| E|CS|TAMS 0x0000000733e00000| PB 0x0000000733e00000| Complete |  0
| 382|0x0000000734000000, 0x0000000734200000, 0x0000000734200000|100%| E|CS|TAMS 0x0000000734000000| PB 0x0000000734000000| Complete |  0
| 383|0x0000000734200000, 0x0000000734400000, 0x0000000734400000|100%| E|CS|TAMS 0x0000000734200000| PB 0x0000000734200000| Complete |  0
| 384|0x0000000734400000, 0x0000000734600000, 0x0000000734600000|100%| E|CS|TAMS 0x0000000734400000| PB 0x0000000734400000| Complete |  0
| 385|0x0000000734600000, 0x0000000734800000, 0x0000000734800000|100%| E|CS|TAMS 0x0000000734600000| PB 0x0000000734600000| Complete |  0
| 386|0x0000000734800000, 0x0000000734a00000, 0x0000000734a00000|100%| E|CS|TAMS 0x0000000734800000| PB 0x0000000734800000| Complete |  0
| 387|0x0000000734a00000, 0x0000000734c00000, 0x0000000734c00000|100%| E|CS|TAMS 0x0000000734a00000| PB 0x0000000734a00000| Complete |  0
| 388|0x0000000734c00000, 0x0000000734e00000, 0x0000000734e00000|100%| E|CS|TAMS 0x0000000734c00000| PB 0x0000000734c00000| Complete |  0
| 389|0x0000000734e00000, 0x0000000735000000, 0x0000000735000000|100%| E|CS|TAMS 0x0000000734e00000| PB 0x0000000734e00000| Complete |  0
| 390|0x0000000735000000, 0x0000000735200000, 0x0000000735200000|100%| E|CS|TAMS 0x0000000735000000| PB 0x0000000735000000| Complete |  0
| 391|0x0000000735200000, 0x0000000735400000, 0x0000000735400000|100%| E|CS|TAMS 0x0000000735200000| PB 0x0000000735200000| Complete |  0
| 392|0x0000000735400000, 0x0000000735600000, 0x0000000735600000|100%| E|CS|TAMS 0x0000000735400000| PB 0x0000000735400000| Complete |  0
| 393|0x0000000735600000, 0x0000000735800000, 0x0000000735800000|100%| E|CS|TAMS 0x0000000735600000| PB 0x0000000735600000| Complete |  0
| 394|0x0000000735800000, 0x0000000735a00000, 0x0000000735a00000|100%| E|CS|TAMS 0x0000000735800000| PB 0x0000000735800000| Complete |  0
| 395|0x0000000735a00000, 0x0000000735c00000, 0x0000000735c00000|100%| E|CS|TAMS 0x0000000735a00000| PB 0x0000000735a00000| Complete |  0
| 396|0x0000000735c00000, 0x0000000735e00000, 0x0000000735e00000|100%| E|CS|TAMS 0x0000000735c00000| PB 0x0000000735c00000| Complete |  0
| 397|0x0000000735e00000, 0x0000000736000000, 0x0000000736000000|100%| E|CS|TAMS 0x0000000735e00000| PB 0x0000000735e00000| Complete |  0
| 398|0x0000000736000000, 0x0000000736200000, 0x0000000736200000|100%| E|CS|TAMS 0x0000000736000000| PB 0x0000000736000000| Complete |  0
| 399|0x0000000736200000, 0x0000000736400000, 0x0000000736400000|100%| E|CS|TAMS 0x0000000736200000| PB 0x0000000736200000| Complete |  0
| 400|0x0000000736400000, 0x0000000736600000, 0x0000000736600000|100%| E|CS|TAMS 0x0000000736400000| PB 0x0000000736400000| Complete |  0
| 401|0x0000000736600000, 0x0000000736800000, 0x0000000736800000|100%| E|CS|TAMS 0x0000000736600000| PB 0x0000000736600000| Complete |  0
| 402|0x0000000736800000, 0x0000000736a00000, 0x0000000736a00000|100%| E|CS|TAMS 0x0000000736800000| PB 0x0000000736800000| Complete |  0
| 403|0x0000000736a00000, 0x0000000736c00000, 0x0000000736c00000|100%| E|CS|TAMS 0x0000000736a00000| PB 0x0000000736a00000| Complete |  0
| 404|0x0000000736c00000, 0x0000000736e00000, 0x0000000736e00000|100%| E|CS|TAMS 0x0000000736c00000| PB 0x0000000736c00000| Complete |  0
| 405|0x0000000736e00000, 0x0000000737000000, 0x0000000737000000|100%| E|CS|TAMS 0x0000000736e00000| PB 0x0000000736e00000| Complete |  0
|2004|0x00000007fec00000, 0x00000007fedec578, 0x00000007fee00000| 96%| O|  |TAMS 0x00000007fec00000| PB 0x00000007fec00000| Untracked |  0
|2005|0x00000007fee00000, 0x00000007ff000000, 0x00000007ff000000|100%| O|  |TAMS 0x00000007fee00000| PB 0x00000007fee00000| Untracked |  0
|2006|0x00000007ff000000, 0x00000007ff200000, 0x00000007ff200000|100%| O|  |TAMS 0x00000007ff000000| PB 0x00000007ff000000| Untracked |  0
|2007|0x00000007ff200000, 0x00000007ff400000, 0x00000007ff400000|100%| O|  |TAMS 0x00000007ff200000| PB 0x00000007ff200000| Untracked |  0
|2008|0x00000007ff400000, 0x00000007ff600000, 0x00000007ff600000|100%| O|  |TAMS 0x00000007ff400000| PB 0x00000007ff400000| Untracked |  0
|2009|0x00000007ff600000, 0x00000007ff800000, 0x00000007ff800000|100%| O|  |TAMS 0x00000007ff600000| PB 0x00000007ff600000| Untracked |  0
|2010|0x00000007ff800000, 0x00000007ffa00000, 0x00000007ffa00000|100%| O|  |TAMS 0x00000007ff800000| PB 0x00000007ff800000| Untracked |  0
|2011|0x00000007ffa00000, 0x00000007ffc00000, 0x00000007ffc00000|100%| E|CS|TAMS 0x00000007ffa00000| PB 0x00000007ffa00000| Complete |  0
|2012|0x00000007ffc00000, 0x00000007ffe00000, 0x00000007ffe00000|100%| E|CS|TAMS 0x00000007ffc00000| PB 0x00000007ffc00000| Complete |  0
|2013|0x00000007ffe00000, 0x0000000800000000, 0x0000000800000000|100%| E|CS|TAMS 0x00000007ffe00000| PB 0x00000007ffe00000| Complete |  0

Card table byte_map: [0x000001c20c310000,0x000001c20caf0000] _byte_map_base: 0x000001c208aee000

Marking Bits: (CMBitMap*) 0x000001c27ddce680
 Bits: [0x000001c20caf0000, 0x000001c2109e0000)

Polling page: 0x000001c27de60000

Metaspace:
Metaspace        used 100574K, committed 101248K, reserved 1179648K
 class space     used 11920K, committed 12224K, reserved 1048576K

Usage:
  Non-class:     86.58 MB used.
      Class:     11.64 MB used.
       Both:     98.22 MB used.

Virtual space:
  Non-class space:      128.00 MB reserved,      86.94 MB ( 68%) committed,  2 nodes.
      Class space:        1.00 GB reserved,      11.94 MB (  1%) committed,  1 nodes.
             Both:        1.12 GB reserved,      98.88 MB (  9%) committed. 

Chunk freelists:
   Non-Class:  8.95 MB
       Class:  4.09 MB
        Both:  13.04 MB

MaxMetaspaceSize: unlimited
CompressedClassSpaceSize: 1.00 GB
Initial GC threshold: 21.00 MB
Current GC threshold: 152.75 MB
CDS: on
 - commit_granule_bytes: 65536.
 - commit_granule_words: 8192.
 - virtual_space_node_default_size: 8388608.
 - enlarge_chunks_in_place: 1.
UseCompressedClassPointers 1, UseCompactObjectHeaders 0
Narrow klass pointer bits 32, Max shift 3
Narrow klass base: 0x0000000029000000, Narrow klass shift: 0
Encoding Range: [0x0000000029000000 - 0x0000000129000000), (4294967296 bytes)
Klass Range:    [0x0000000029010000 - 0x000000006a000000), (1090453504 bytes)
Klass ID Range:  [65536 - 1090519033) (1090453497)
Protection zone: [0x0000000029000000 - 0x0000000029010000), (65536 bytes)


Internal statistics:

num_allocs_failed_limit: 9.
num_arena_births: 1100.
num_arena_deaths: 224.
num_vsnodes_births: 3.
num_vsnodes_deaths: 0.
num_space_committed: 1582.
num_space_uncommitted: 0.
num_chunks_returned_to_freelist: 240.
num_chunks_taken_from_freelist: 4633.
num_chunk_merges: 63.
num_chunk_splits: 3369.
num_chunks_enlarged: 2827.
num_inconsistent_stats: 0.

CodeCache: size=49152Kb used=13750Kb max_used=13828Kb free=35401Kb
 bounds [0x000001c208a20000, 0x000001c2097b0000, 0x000001c20ba20000]
 total_blobs=11161, nmethods=10318, adapters=765, full_count=0
Compilation: enabled, stopped_count=0, restarted_count=0

Compilation events (20 events):
Event: 13267.759 Thread 0x000001c21b2cc0b0 10435       1       jdk.jfr.internal.PlatformEventType::isEnabled (5 bytes)
Event: 13267.759 Thread 0x000001c210ba8c30 10436       1       jdk.jfr.internal.EventControl::getEventType (5 bytes)
Event: 13267.759 Thread 0x000001c21b2cc0b0 nmethod 10435 0x000001c209734108 code [0x000001c209734200, 0x000001c2097342c8]
Event: 13267.759 Thread 0x000001c21b2cc0b0 10437       1       jdk.jfr.internal.EventControl::getSettingsId (5 bytes)
Event: 13267.759 Thread 0x000001c210ba8c30 nmethod 10436 0x000001c209733e08 code [0x000001c209733f00, 0x000001c209733fc8]
Event: 13267.759 Thread 0x000001c210ba8c30 10438       1       jdk.jfr.internal.EventControl::getNamedControls (5 bytes)
Event: 13267.759 Thread 0x000001c21b2cc0b0 nmethod 10437 0x000001c209733b08 code [0x000001c209733c00, 0x000001c209733cc8]
Event: 13267.759 Thread 0x000001c21b2cc0b0 10439   !   1       jdk.jfr.internal.Control::setValue (69 bytes)
Event: 13267.759 Thread 0x000001c210ba8c30 nmethod 10438 0x000001c209733808 code [0x000001c209733900, 0x000001c2097339c8]
Event: 13267.759 Thread 0x000001c210ba8c30 10440       1       jdk.jfr.internal.SettingsManager$InternalSetting::getValues (35 bytes)
Event: 13267.759 Thread 0x000001c210ba8c30 nmethod 10440 0x000001c209733508 code [0x000001c209733600, 0x000001c209733800]
Event: 13267.759 Thread 0x000001c210ba8c30 10441       1       jdk.jfr.internal.Control::apply (10 bytes)
Event: 13267.759 Thread 0x000001c210ba8c30 nmethod 10441 0x000001c209733208 code [0x000001c209733300, 0x000001c209733410]
Event: 13267.759 Thread 0x000001c210ba8c30 10442       1       jdk.jfr.internal.Control::findCombine (121 bytes)
Event: 13267.759 Thread 0x000001c21b2cc0b0 nmethod 10439 0x000001c209732c08 code [0x000001c209732d00, 0x000001c2097331d8]
Event: 13267.760 Thread 0x000001c210ba8c30 nmethod 10442 0x000001c209732308 code [0x000001c209732400, 0x000001c209732b98]
Event: 13267.763 Thread 0x000001c210ba8c30 10444       1       jdk.jfr.internal.periodic.PeriodicTask::getPeriod (5 bytes)
Event: 13267.763 Thread 0x000001c21b2cc0b0 10443       1       jdk.jfr.internal.periodic.EventTask::getEventType (5 bytes)
Event: 13267.763 Thread 0x000001c210ba8c30 nmethod 10444 0x000001c209732008 code [0x000001c209732100, 0x000001c2097321c8]
Event: 13267.763 Thread 0x000001c21b2cc0b0 nmethod 10443 0x000001c209731d08 code [0x000001c209731e00, 0x000001c209731ec8]

GC Heap Usage History (20 events):
Event: 15.895 {heap Before GC invocations=15 (full 0):
 garbage-first heap   total reserved 4124672K, committed 69632K, used 62049K [0x0000000704400000, 0x0000000800000000)
  region size 2048K, 15 young (30720K), 2 survivors (4096K)
}
Event: 15.898 {heap After GC invocations=16 (full 0):
 garbage-first heap   total reserved 4124672K, committed 69632K, used 37509K [0x0000000704400000, 0x0000000800000000)
  region size 2048K, 2 young (4096K), 2 survivors (4096K)
}
Event: 16.187 {heap Before GC invocations=17 (full 0):
 garbage-first heap   total reserved 4124672K, committed 69632K, used 60037K [0x0000000704400000, 0x0000000800000000)
  region size 2048K, 14 young (28672K), 2 survivors (4096K)
}
Event: 16.191 {heap After GC invocations=18 (full 0):
 garbage-first heap   total reserved 4124672K, committed 69632K, used 39339K [0x0000000704400000, 0x0000000800000000)
  region size 2048K, 2 young (4096K), 2 survivors (4096K)
}
Event: 16.564 {heap Before GC invocations=18 (full 0):
 garbage-first heap   total reserved 4124672K, committed 69632K, used 61867K [0x0000000704400000, 0x0000000800000000)
  region size 2048K, 13 young (26624K), 2 survivors (4096K)
}
Event: 16.569 {heap After GC invocations=19 (full 0):
 garbage-first heap   total reserved 4124672K, committed 71680K, used 41005K [0x0000000704400000, 0x0000000800000000)
  region size 2048K, 2 young (4096K), 2 survivors (4096K)
}
Event: 16.912 {heap Before GC invocations=19 (full 0):
 garbage-first heap   total reserved 4124672K, committed 71680K, used 63533K [0x0000000704400000, 0x0000000800000000)
  region size 2048K, 13 young (26624K), 2 survivors (4096K)
}
Event: 16.917 {heap After GC invocations=20 (full 0):
 garbage-first heap   total reserved 4124672K, committed 71680K, used 42825K [0x0000000704400000, 0x0000000800000000)
  region size 2048K, 1 young (2048K), 1 survivors (2048K)
}
Event: 22.781 {heap Before GC invocations=21 (full 0):
 garbage-first heap   total reserved 4124672K, committed 71680K, used 65353K [0x0000000704400000, 0x0000000800000000)
  region size 2048K, 12 young (24576K), 1 survivors (2048K)
}
Event: 22.785 {heap After GC invocations=22 (full 0):
 garbage-first heap   total reserved 4124672K, committed 71680K, used 44196K [0x0000000704400000, 0x0000000800000000)
  region size 2048K, 2 young (4096K), 2 survivors (4096K)
}
Event: 58.163 {heap Before GC invocations=22 (full 0):
 garbage-first heap   total reserved 4124672K, committed 71680K, used 62628K [0x0000000704400000, 0x0000000800000000)
  region size 2048K, 12 young (24576K), 2 survivors (4096K)
}
Event: 58.167 {heap After GC invocations=23 (full 0):
 garbage-first heap   total reserved 4124672K, committed 73728K, used 45052K [0x0000000704400000, 0x0000000800000000)
  region size 2048K, 2 young (4096K), 2 survivors (4096K)
}
Event: 96.986 {heap Before GC invocations=23 (full 0):
 garbage-first heap   total reserved 4124672K, committed 73728K, used 63484K [0x0000000704400000, 0x0000000800000000)
  region size 2048K, 12 young (24576K), 2 survivors (4096K)
}
Event: 96.991 {heap After GC invocations=24 (full 0):
 garbage-first heap   total reserved 4124672K, committed 73728K, used 47145K [0x0000000704400000, 0x0000000800000000)
  region size 2048K, 2 young (4096K), 2 survivors (4096K)
}
Event: 130.822 {heap Before GC invocations=25 (full 0):
 garbage-first heap   total reserved 4124672K, committed 251904K, used 247849K [0x0000000704400000, 0x0000000800000000)
  region size 2048K, 7 young (14336K), 2 survivors (4096K)
}
Event: 130.825 {heap After GC invocations=26 (full 0):
 garbage-first heap   total reserved 4124672K, committed 256000K, used 86803K [0x0000000704400000, 0x0000000800000000)
  region size 2048K, 1 young (2048K), 1 survivors (2048K)
}
Event: 542.819 {heap Before GC invocations=26 (full 0):
 garbage-first heap   total reserved 4124672K, committed 829440K, used 826131K [0x0000000704400000, 0x0000000800000000)
  region size 2048K, 26 young (53248K), 1 survivors (2048K)
}
Event: 542.837 {heap After GC invocations=27 (full 0):
 garbage-first heap   total reserved 4124672K, committed 845824K, used 43876K [0x0000000704400000, 0x0000000800000000)
  region size 2048K, 2 young (4096K), 2 survivors (4096K)
}
Event: 10455.731 {heap Before GC invocations=27 (full 0):
 garbage-first heap   total reserved 4124672K, committed 845824K, used 844644K [0x0000000704400000, 0x0000000800000000)
  region size 2048K, 209 young (428032K), 2 survivors (4096K)
}
Event: 10455.853 {heap After GC invocations=28 (full 0):
 garbage-first heap   total reserved 4124672K, committed 851968K, used 45343K [0x0000000704400000, 0x0000000800000000)
  region size 2048K, 3 young (6144K), 3 survivors (6144K)
}

Metaspace Usage History (20 events):
Event: 15.895 {metaspace Before GC invocations=15 (full 0):
 Metaspace       used 75877K, committed 76416K, reserved 1179648K
  class space    used 8722K, committed 8960K, reserved 1048576K
}
Event: 15.898 {metaspace After GC invocations=16 (full 0):
 Metaspace       used 75877K, committed 76416K, reserved 1179648K
  class space    used 8722K, committed 8960K, reserved 1048576K
}
Event: 16.187 {metaspace Before GC invocations=17 (full 0):
 Metaspace       used 78551K, committed 79104K, reserved 1179648K
  class space    used 9229K, committed 9472K, reserved 1048576K
}
Event: 16.191 {metaspace After GC invocations=18 (full 0):
 Metaspace       used 78551K, committed 79104K, reserved 1179648K
  class space    used 9229K, committed 9472K, reserved 1048576K
}
Event: 16.564 {metaspace Before GC invocations=18 (full 0):
 Metaspace       used 81317K, committed 81984K, reserved 1179648K
  class space    used 9579K, committed 9856K, reserved 1048576K
}
Event: 16.569 {metaspace After GC invocations=19 (full 0):
 Metaspace       used 81317K, committed 81984K, reserved 1179648K
  class space    used 9579K, committed 9856K, reserved 1048576K
}
Event: 16.912 {metaspace Before GC invocations=19 (full 0):
 Metaspace       used 83550K, committed 84224K, reserved 1179648K
  class space    used 9897K, committed 10176K, reserved 1048576K
}
Event: 16.917 {metaspace After GC invocations=20 (full 0):
 Metaspace       used 83550K, committed 84224K, reserved 1179648K
  class space    used 9897K, committed 10176K, reserved 1048576K
}
Event: 22.781 {metaspace Before GC invocations=21 (full 0):
 Metaspace       used 86890K, committed 87616K, reserved 1179648K
  class space    used 10313K, committed 10624K, reserved 1048576K
}
Event: 22.785 {metaspace After GC invocations=22 (full 0):
 Metaspace       used 86890K, committed 87616K, reserved 1179648K
  class space    used 10313K, committed 10624K, reserved 1048576K
}
Event: 58.163 {metaspace Before GC invocations=22 (full 0):
 Metaspace       used 91416K, committed 92160K, reserved 1179648K
  class space    used 10855K, committed 11200K, reserved 1048576K
}
Event: 58.167 {metaspace After GC invocations=23 (full 0):
 Metaspace       used 91416K, committed 92160K, reserved 1179648K
  class space    used 10855K, committed 11200K, reserved 1048576K
}
Event: 96.986 {metaspace Before GC invocations=23 (full 0):
 Metaspace       used 93109K, committed 93824K, reserved 1179648K
  class space    used 11106K, committed 11392K, reserved 1048576K
}
Event: 96.991 {metaspace After GC invocations=24 (full 0):
 Metaspace       used 93109K, committed 93824K, reserved 1179648K
  class space    used 11106K, committed 11392K, reserved 1048576K
}
Event: 130.822 {metaspace Before GC invocations=25 (full 0):
 Metaspace       used 94116K, committed 94720K, reserved 1179648K
  class space    used 11235K, committed 11520K, reserved 1048576K
}
Event: 130.825 {metaspace After GC invocations=26 (full 0):
 Metaspace       used 94116K, committed 94720K, reserved 1179648K
  class space    used 11235K, committed 11520K, reserved 1048576K
}
Event: 542.819 {metaspace Before GC invocations=26 (full 0):
 Metaspace       used 99490K, committed 100160K, reserved 1179648K
  class space    used 11792K, committed 12096K, reserved 1048576K
}
Event: 542.837 {metaspace After GC invocations=27 (full 0):
 Metaspace       used 99490K, committed 100160K, reserved 1179648K
  class space    used 11792K, committed 12096K, reserved 1048576K
}
Event: 10455.732 {metaspace Before GC invocations=27 (full 0):
 Metaspace       used 99550K, committed 100224K, reserved 1179648K
  class space    used 11803K, committed 12096K, reserved 1048576K
}
Event: 10455.853 {metaspace After GC invocations=28 (full 0):
 Metaspace       used 99550K, committed 100224K, reserved 1179648K
  class space    used 11803K, committed 12096K, reserved 1048576K
}

Dll operation events (12 events):
Event: 0.035 Loaded shared library C:\Users\adam\.jdks\openjdk-25.0.1\bin\java.dll
Event: 0.329 Loaded shared library C:\Users\adam\.jdks\openjdk-25.0.1\bin\zip.dll
Event: 0.333 Loaded shared library C:\Users\adam\.jdks\openjdk-25.0.1\bin\instrument.dll
Event: 0.340 Loaded shared library C:\Users\adam\.jdks\openjdk-25.0.1\bin\net.dll
Event: 0.342 Loaded shared library C:\Users\adam\.jdks\openjdk-25.0.1\bin\nio.dll
Event: 0.367 Loaded shared library C:\Users\adam\.jdks\openjdk-25.0.1\bin\zip.dll
Event: 0.373 Loaded shared library C:\Users\adam\.jdks\openjdk-25.0.1\bin\jimage.dll
Event: 6.567 Loaded shared library C:\Users\adam\.jdks\openjdk-25.0.1\bin\extnet.dll
Event: 6.592 Loaded shared library C:\Users\adam\.jdks\openjdk-25.0.1\bin\management.dll
Event: 6.608 Loaded shared library C:\Users\adam\.jdks\openjdk-25.0.1\bin\management_ext.dll
Event: 8.447 Loaded shared library C:\Users\adam\.jdks\openjdk-25.0.1\bin\sunmscapi.dll
Event: 13266.844 Loaded shared library C:\Users\adam\AppData\Local\Temp\idea_libasyncProfiler_dll_temp_folder\libasyncProfiler.dll

Deoptimization events (4 events):
Event: 10.378 Thread 0x000001c218be1280 DEOPT PACKING pc=0x000001c2091f1c2c sp=0x00000088e3dfc4a0
Event: 10.378 Thread 0x000001c218be1280 DEOPT UNPACKING pc=0x000001c208a712a2 sp=0x00000088e3dfb9a8 mode 0
Event: 133.298 Thread 0x000001c21831e1e0 DEOPT PACKING pc=0x000001c208b36e29 sp=0x00000088e22fe1f0
Event: 133.298 Thread 0x000001c21831e1e0 DEOPT UNPACKING pc=0x000001c208a712a2 sp=0x00000088e22fd5f0 mode 3

Classes loaded (20 events):
Event: 13267.724 Loading class jdk/jfr/internal/MetadataDescriptor$Element
Event: 13267.724 Loading class jdk/jfr/internal/MetadataDescriptor$Element done
Event: 13267.724 Loading class jdk/jfr/internal/MetadataDescriptor$Attribute
Event: 13267.724 Loading class jdk/jfr/internal/MetadataDescriptor$Attribute done
Event: 13267.737 Loading class jdk/jfr/internal/consumer/StringParser$Encoding
Event: 13267.737 Loading class jdk/jfr/internal/consumer/StringParser$Encoding done
Event: 13267.748 Loading class jdk/jfr/internal/consumer/RepositoryFiles
Event: 13267.749 Loading class jdk/jfr/internal/consumer/RepositoryFiles done
Event: 13267.755 Loading class jdk/jfr/internal/SettingsManager$InternalSetting
Event: 13267.755 Loading class jdk/jfr/internal/SettingsManager$InternalSetting done
Event: 13267.757 Loading class jdk/jfr/internal/util/Rate
Event: 13267.757 Loading class jdk/jfr/internal/util/Rate done
Event: 13267.757 Loading class jdk/jfr/internal/util/TimespanUnit
Event: 13267.757 Loading class jdk/jfr/internal/util/TimespanUnit done
Event: 13267.758 Loading class jdk/jfr/internal/util/ValueParser
Event: 13267.758 Loading class jdk/jfr/internal/util/ValueParser done
Event: 13267.758 Loading class jdk/jfr/internal/util/TimespanRate
Event: 13267.758 Loading class jdk/jfr/internal/util/TimespanRate done
Event: 13267.760 Loading class jdk/jfr/internal/periodic/PeriodicType
Event: 13267.760 Loading class jdk/jfr/internal/periodic/PeriodicType done

Classes unloaded (20 events):
Event: 97.030 Thread 0x000001c210b8c940 Unloading class 0x000000002a0cb400 'java/lang/invoke/LambdaForm$MH+0x000000002a0cb400'
Event: 97.030 Thread 0x000001c210b8c940 Unloading class 0x000000002a0cb000 'java/lang/invoke/LambdaForm$MH+0x000000002a0cb000'
Event: 97.030 Thread 0x000001c210b8c940 Unloading class 0x000000002a0ca400 'java/lang/invoke/LambdaForm$MH+0x000000002a0ca400'
Event: 97.030 Thread 0x000001c210b8c940 Unloading class 0x000000002a0ca000 'java/lang/invoke/LambdaForm$MH+0x000000002a0ca000'
Event: 97.030 Thread 0x000001c210b8c940 Unloading class 0x000000002a0c9c00 'java/lang/invoke/LambdaForm$MH+0x000000002a0c9c00'
Event: 97.030 Thread 0x000001c210b8c940 Unloading class 0x000000002a0c8800 'java/lang/invoke/LambdaForm$MH+0x000000002a0c8800'
Event: 97.030 Thread 0x000001c210b8c940 Unloading class 0x000000002a0c8400 'java/lang/invoke/LambdaForm$MH+0x000000002a0c8400'
Event: 97.030 Thread 0x000001c210b8c940 Unloading class 0x000000002a0c8000 'java/lang/invoke/LambdaForm$MH+0x000000002a0c8000'
Event: 97.030 Thread 0x000001c210b8c940 Unloading class 0x000000002a0c5c00 'java/lang/invoke/LambdaForm$MH+0x000000002a0c5c00'
Event: 97.030 Thread 0x000001c210b8c940 Unloading class 0x000000002a0c5800 'java/lang/invoke/LambdaForm$BMH+0x000000002a0c5800'
Event: 97.030 Thread 0x000001c210b8c940 Unloading class 0x000000002a0c4000 'java/lang/invoke/LambdaForm$MH+0x000000002a0c4000'
Event: 97.030 Thread 0x000001c210b8c940 Unloading class 0x000000002a049000 'java/lang/invoke/LambdaForm$MH+0x000000002a049000'
Event: 97.030 Thread 0x000001c210b8c940 Unloading class 0x000000002a048400 'java/lang/invoke/LambdaForm$DMH+0x000000002a048400'
Event: 97.030 Thread 0x000001c210b8c940 Unloading class 0x000000002a047c00 'java/lang/invoke/LambdaForm$DMH+0x000000002a047c00'
Event: 97.030 Thread 0x000001c210b8c940 Unloading class 0x000000002a047400 'java/lang/invoke/LambdaForm$DMH+0x000000002a047400'
Event: 97.030 Thread 0x000001c210b8c940 Unloading class 0x000000002a047000 'java/lang/invoke/LambdaForm$DMH+0x000000002a047000'
Event: 97.030 Thread 0x000001c210b8c940 Unloading class 0x000000002a042400 'java/lang/invoke/LambdaForm$MH+0x000000002a042400'
Event: 97.030 Thread 0x000001c210b8c940 Unloading class 0x000000002a042000 'java/lang/invoke/LambdaForm$MH+0x000000002a042000'
Event: 97.030 Thread 0x000001c210b8c940 Unloading class 0x000000002a041c00 'java/lang/invoke/LambdaForm$MH+0x000000002a041c00'
Event: 97.030 Thread 0x000001c210b8c940 Unloading class 0x000000002a041400 'java/lang/invoke/LambdaForm$MH+0x000000002a041400'

Classes redefined (0 events):
No events

Internal exceptions (20 events):
Event: 130.829 Thread 0x000001c21831e1e0 Exception <a 'java/io/FileNotFoundException'{0x00000007ffe1a670}> (0x00000007ffe1a670) 
thrown [s\open\src\hotspot\share\prims\jni.cpp, line 516]
Event: 131.440 Thread 0x000001c21831e1e0 Exception <a 'java/net/UnknownHostException'{0x00000007fff48f90}> (0x00000007fff48f90) 
thrown [s\open\src\hotspot\share\prims\jni.cpp, line 516]
Event: 131.782 Thread 0x000001c21831e1e0 Exception <a 'sun/nio/fs/WindowsException'{0x00000007fff82fe8}> (0x00000007fff82fe8) 
thrown [s\open\src\hotspot\share\prims\jni.cpp, line 516]
Event: 132.298 Thread 0x000001c21831e1e0 Exception <a 'java/lang/NoSuchMethodError'{0x00000007127740b0}: 'java.lang.Object java.lang.invoke.Invokers$Holder.invoke_MT(java.lang.Object, java.lang.Object, java.lang.Object, java.lang.Object, java.lang.Object, java.lang.Object)'> (0x00000007127740b0) 
thrown [s\open\src\hotspot\share\interpreter\linkResolver.cpp, line 804]
Event: 133.293 Thread 0x000001c21831e1e0 Exception <a 'java/io/FileNotFoundException'{0x0000000712103138}> (0x0000000712103138) 
thrown [s\open\src\hotspot\share\prims\jni.cpp, line 516]
Event: 133.294 Thread 0x000001c21831e1e0 Exception <a 'java/io/FileNotFoundException'{0x0000000712108c18}> (0x0000000712108c18) 
thrown [s\open\src\hotspot\share\prims\jni.cpp, line 516]
Event: 133.295 Thread 0x000001c21831e1e0 Exception <a 'java/io/FileNotFoundException'{0x0000000712112948}> (0x0000000712112948) 
thrown [s\open\src\hotspot\share\prims\jni.cpp, line 516]
Event: 133.295 Thread 0x000001c21831e1e0 Exception <a 'java/io/FileNotFoundException'{0x0000000712120798}> (0x0000000712120798) 
thrown [s\open\src\hotspot\share\prims\jni.cpp, line 516]
Event: 306.985 Thread 0x000001c218829200 Exception <a 'java/lang/NoSuchMethodError'{0x000000071120e3f8}: static [B.<clinit>()V> (0x000000071120e3f8) 
thrown [s\open\src\hotspot\share\prims\jni.cpp, line 1106]
Event: 307.668 Thread 0x000001c21b0239d0 Exception <a 'java/net/UnknownHostException'{0x000000071126c0d8}> (0x000000071126c0d8) 
thrown [s\open\src\hotspot\share\prims\jni.cpp, line 516]
Event: 309.859 Thread 0x000001c21b008b70 Exception <a 'java/lang/IncompatibleClassChangeError'{0x0000000711380e08}: Found class java.lang.Object, but interface was expected> (0x0000000711380e08) 
thrown [s\open\src\hotspot\share\interpreter\linkResolver.cpp, line 871]
Event: 372.090 Thread 0x000001c21b024970 Exception <a 'java/net/UnknownHostException'{0x0000000710222a48}> (0x0000000710222a48) 
thrown [s\open\src\hotspot\share\prims\jni.cpp, line 516]
Event: 915.996 Thread 0x000001c21b0239d0 Exception <a 'java/net/UnknownHostException'{0x0000000736098e68}> (0x0000000736098e68) 
thrown [s\open\src\hotspot\share\prims\jni.cpp, line 516]
Event: 4722.320 Thread 0x000001c21b0239d0 Exception <a 'java/lang/NoSuchMethodError'{0x0000000730893430}: static [Ljava/lang/StackTraceElement;.<clinit>()V> (0x0000000730893430) 
thrown [s\open\src\hotspot\share\prims\jni.cpp, line 1106]
Event: 4722.393 Thread 0x000001c21b0239d0 Exception <a 'java/lang/NoSuchMethodError'{0x00000007308de8c8}: static [Ljava/lang/Integer;.<clinit>()V> (0x00000007308de8c8) 
thrown [s\open\src\hotspot\share\prims\jni.cpp, line 1106]
Event: 13267.706 Thread 0x000001c210ba68f0 Exception <a 'java/lang/NoSuchMethodError'{0x000000072d677668}: 'void java.lang.invoke.DirectMethodHandle$Holder.invokeSpecial(java.lang.Object, java.lang.Object, int)'> (0x000000072d677668) 
thrown [s\open\src\hotspot\share\interpreter\linkResolver.cpp, line 804]
Event: 13267.706 Thread 0x000001c210ba68f0 Exception <a 'java/lang/NoSuchMethodError'{0x000000072d67f2c0}: 'void java.lang.invoke.Invokers$Holder.invokeExact_MT(java.lang.Object, int, java.lang.Object)'> (0x000000072d67f2c0) 
thrown [s\open\src\hotspot\share\interpreter\linkResolver.cpp, line 804]
Event: 13267.714 Thread 0x000001c210ba68f0 Exception <a 'sun/nio/fs/WindowsException'{0x000000072d6a67b0}> (0x000000072d6a67b0) 
thrown [s\open\src\hotspot\share\prims\jni.cpp, line 516]
Event: 13267.716 Thread 0x000001c210ba68f0 Exception <a 'sun/nio/fs/WindowsException'{0x000000072d6abf18}> (0x000000072d6abf18) 
thrown [s\open\src\hotspot\share\prims\jni.cpp, line 516]
Event: 13267.719 Thread 0x000001c210ba68f0 Exception <a 'sun/nio/fs/WindowsException'{0x000000072d6ae7b8}> (0x000000072d6ae7b8) 
thrown [s\open\src\hotspot\share\prims\jni.cpp, line 516]

VM Operations (20 events):
Event: 5817.231 Executing non-safepoint VM operation: HandshakeAllThreads (HandshakeForDeflation)
Event: 5817.231 Executing non-safepoint VM operation: HandshakeAllThreads (HandshakeForDeflation) done
Event: 5817.231 Executing non-safepoint VM operation: RendezvousGCThreads
Event: 5817.231 Executing non-safepoint VM operation: RendezvousGCThreads done
Event: 5877.410 Executing non-safepoint VM operation: HandshakeAllThreads (HandshakeForDeflation)
Event: 5877.410 Executing non-safepoint VM operation: HandshakeAllThreads (HandshakeForDeflation) done
Event: 5877.410 Executing non-safepoint VM operation: RendezvousGCThreads
Event: 5877.410 Executing non-safepoint VM operation: RendezvousGCThreads done
Event: 5997.784 Executing non-safepoint VM operation: HandshakeAllThreads (HandshakeForDeflation)
Event: 5997.784 Executing non-safepoint VM operation: HandshakeAllThreads (HandshakeForDeflation) done
Event: 5997.784 Executing non-safepoint VM operation: RendezvousGCThreads
Event: 5997.784 Executing non-safepoint VM operation: RendezvousGCThreads done
Event: 8882.059 Executing non-safepoint VM operation: HandshakeAllThreads (HandshakeForDeflation)
Event: 8882.060 Executing non-safepoint VM operation: HandshakeAllThreads (HandshakeForDeflation) done
Event: 8882.060 Executing non-safepoint VM operation: RendezvousGCThreads
Event: 8882.060 Executing non-safepoint VM operation: RendezvousGCThreads done
Event: 10455.728 Executing safepoint VM operation: G1CollectForAllocation (G1 Evacuation Pause)
Event: 10455.853 Executing safepoint VM operation: G1CollectForAllocation (G1 Evacuation Pause) done
Event: 13267.750 Executing safepoint VM operation: JFRSafepointClear
Event: 13267.750 Executing safepoint VM operation: JFRSafepointClear done

Memory protections (0 events):
No events

Nmethod flushes (20 events):
Event: 16.967 Thread 0x000001c210b8c940 flushing  nmethod 0x000001c209168788
Event: 16.967 Thread 0x000001c210b8c940 flushing  nmethod 0x000001c209168e08
Event: 16.967 Thread 0x000001c210b8c940 flushing  nmethod 0x000001c208deb108
Event: 16.967 Thread 0x000001c210b8c940 flushing  nmethod 0x000001c208de1f88
Event: 16.967 Thread 0x000001c210b8c940 flushing  nmethod 0x000001c208fa1f88
Event: 97.037 Thread 0x000001c210b8c940 flushing  nmethod 0x000001c20903fc88
Event: 97.037 Thread 0x000001c210b8c940 flushing  nmethod 0x000001c208dbf888
Event: 97.037 Thread 0x000001c210b8c940 flushing  nmethod 0x000001c208d99408
Event: 97.037 Thread 0x000001c210b8c940 flushing  nmethod 0x000001c209107f08
Event: 97.037 Thread 0x000001c210b8c940 flushing  nmethod 0x000001c2091d4a08
Event: 97.037 Thread 0x000001c210b8c940 flushing  nmethod 0x000001c2091eb708
Event: 97.037 Thread 0x000001c210b8c940 flushing  nmethod 0x000001c209288888
Event: 97.037 Thread 0x000001c210b8c940 flushing  nmethod 0x000001c209486d08
Event: 97.037 Thread 0x000001c210b8c940 flushing  nmethod 0x000001c208b37988
Event: 97.037 Thread 0x000001c210b8c940 flushing  nmethod 0x000001c208dae988
Event: 97.037 Thread 0x000001c210b8c940 flushing  nmethod 0x000001c208e1ad88
Event: 97.037 Thread 0x000001c210b8c940 flushing  nmethod 0x000001c208e1b888
Event: 97.038 Thread 0x000001c210b8c940 flushing  nmethod 0x000001c208d93988
Event: 97.038 Thread 0x000001c210b8c940 flushing  nmethod 0x000001c2091bb288
Event: 97.038 Thread 0x000001c210b8c940 flushing  nmethod 0x000001c20928a208

Events (20 events):
Event: 12563.992 Thread 0x000001c21b022260 Thread added: 0x000001c21b025140
Event: 12576.942 Thread 0x000001c21b022260 Thread exited: 0x000001c21b022260
Event: 12576.990 Thread 0x000001c21b025140 Thread exited: 0x000001c21b025140
Event: 12605.700 Thread 0x000001c21a1a1830 Thread added: 0x000001c2134ac720
Event: 12605.741 Thread 0x000001c2134ac720 Thread added: 0x000001c2134ade90
Event: 12610.748 Thread 0x000001c2134ac720 Thread exited: 0x000001c2134ac720
Event: 12610.796 Thread 0x000001c2134ade90 Thread exited: 0x000001c2134ade90
Event: 12660.489 Thread 0x000001c21a1a1830 Thread added: 0x000001c21b025140
Event: 12660.530 Thread 0x000001c21b025140 Thread added: 0x000001c21b0241a0
Event: 12665.543 Thread 0x000001c21b025140 Thread exited: 0x000001c21b025140
Event: 12665.590 Thread 0x000001c21b0241a0 Thread exited: 0x000001c21b0241a0
Event: 12665.607 Thread 0x000001c21a1a1830 Thread added: 0x000001c2134a9840
Event: 12665.610 Thread 0x000001c2134a9840 Thread added: 0x000001c2134ac720
Event: 12670.618 Thread 0x000001c2134a9840 Thread exited: 0x000001c2134a9840
Event: 12670.667 Thread 0x000001c2134ac720 Thread exited: 0x000001c2134ac720
Event: 13064.159 Thread 0x000001c218826050 Thread added: 0x000001c21b022260
Event: 13143.997 Thread 0x000001c21b0239d0 Thread exited: 0x000001c21b0239d0
Event: 13267.574 Thread 0x000001c210ba68f0 Thread added: 0x000001c2134ade90
Event: 13267.625 Thread 0x000001c210ba8c30 Thread added: 0x000001c21b2cc0b0
Event: 13267.709 Thread 0x000001c210ba68f0 Thread added: 0x000001c218be2220


Dynamic libraries:
0x00007ff7812a0000 - 0x00007ff7812ae000 	C:\Users\adam\.jdks\openjdk-25.0.1\bin\java.exe
0x00007ff89b8e0000 - 0x00007ff89bb46000 	C:\WINDOWS\SYSTEM32\ntdll.dll
0x00007ff89abb0000 - 0x00007ff89ac79000 	C:\WINDOWS\System32\KERNEL32.DLL
0x00007ff898e40000 - 0x00007ff89923e000 	C:\WINDOWS\System32\KERNELBASE.dll
0x00007ff8993c0000 - 0x00007ff89950c000 	C:\WINDOWS\System32\ucrtbase.dll
0x00007ff884540000 - 0x00007ff88455e000 	C:\Users\adam\.jdks\openjdk-25.0.1\bin\VCRUNTIME140.dll
0x00007ff886e70000 - 0x00007ff886e87000 	C:\Users\adam\.jdks\openjdk-25.0.1\bin\jli.dll
0x00007ff899610000 - 0x00007ff8997d7000 	C:\WINDOWS\System32\USER32.dll
0x00007ff86d880000 - 0x00007ff86db12000 	C:\WINDOWS\WinSxS\amd64_microsoft.windows.common-controls_6595b64144ccf1df_6.0.26100.8894_none_3e0f749ee32e02ea\COMCTL32.dll
0x00007ff899520000 - 0x00007ff899547000 	C:\WINDOWS\System32\win32u.dll
0x00007ff89af60000 - 0x00007ff89b009000 	C:\WINDOWS\System32\msvcrt.dll
0x00007ff89b150000 - 0x00007ff89b17b000 	C:\WINDOWS\System32\GDI32.dll
0x00007ff898b00000 - 0x00007ff898c2a000 	C:\WINDOWS\System32\gdi32full.dll
0x00007ff899310000 - 0x00007ff8993b3000 	C:\WINDOWS\System32\msvcp_win.dll
0x00007ff89ac90000 - 0x00007ff89acc2000 	C:\WINDOWS\System32\IMM32.DLL
0x00007ff891ee0000 - 0x00007ff891eec000 	C:\Users\adam\.jdks\openjdk-25.0.1\bin\vcruntime140_1.dll
0x00007ff853310000 - 0x00007ff85339d000 	C:\Users\adam\.jdks\openjdk-25.0.1\bin\msvcp140.dll
0x00007fffe0b80000 - 0x00007fffe19df000 	C:\Users\adam\.jdks\openjdk-25.0.1\bin\server\jvm.dll
0x00007ff89aea0000 - 0x00007ff89af57000 	C:\WINDOWS\System32\ADVAPI32.dll
0x00007ff89b010000 - 0x00007ff89b0ba000 	C:\WINDOWS\System32\sechost.dll
0x00007ff89b390000 - 0x00007ff89b4a8000 	C:\WINDOWS\System32\RPCRT4.dll
0x00007ff89a880000 - 0x00007ff89a900000 	C:\WINDOWS\System32\WS2_32.dll
0x00007ff898960000 - 0x00007ff8989be000 	C:\WINDOWS\SYSTEM32\POWRPROF.dll
0x00007ff88f750000 - 0x00007ff88f786000 	C:\WINDOWS\SYSTEM32\WINMM.dll
0x00007ff88f530000 - 0x00007ff88f53b000 	C:\WINDOWS\SYSTEM32\VERSION.dll
0x00007ff898940000 - 0x00007ff898954000 	C:\WINDOWS\SYSTEM32\UMPDC.dll
0x00007ff8977a0000 - 0x00007ff8977bb000 	C:\WINDOWS\SYSTEM32\kernel.appcore.dll
0x00007ff891600000 - 0x00007ff89160a000 	C:\Users\adam\.jdks\openjdk-25.0.1\bin\jimage.dll
0x00007ff895af0000 - 0x00007ff895d32000 	C:\WINDOWS\SYSTEM32\DBGHELP.DLL
0x00007ff8998c0000 - 0x00007ff899c43000 	C:\WINDOWS\System32\combase.dll
0x00007ff8997e0000 - 0x00007ff8998b9000 	C:\WINDOWS\System32\OLEAUT32.dll
0x00007ff87c690000 - 0x00007ff87c6cb000 	C:\WINDOWS\SYSTEM32\dbgcore.DLL
0x00007ff899550000 - 0x00007ff8995fc000 	C:\WINDOWS\System32\bcryptPrimitives.dll
0x00007ff883da0000 - 0x00007ff883db0000 	C:\Users\adam\.jdks\openjdk-25.0.1\bin\instrument.dll
0x00007ff87d650000 - 0x00007ff87d66f000 	C:\Users\adam\.jdks\openjdk-25.0.1\bin\java.dll
0x00007ff89acd0000 - 0x00007ff89ae69000 	C:\WINDOWS\System32\ole32.dll
0x00007ff89a0e0000 - 0x00007ff89a872000 	C:\WINDOWS\System32\SHELL32.dll
0x00007ff896560000 - 0x00007ff896df2000 	C:\WINDOWS\SYSTEM32\windows.storage.dll
0x00007ff89aab0000 - 0x00007ff89aba7000 	C:\WINDOWS\System32\SHCORE.dll
0x00007ff89b830000 - 0x00007ff89b897000 	C:\WINDOWS\System32\shlwapi.dll
0x00007ff898a20000 - 0x00007ff898a49000 	C:\WINDOWS\SYSTEM32\profapi.dll
0x00007ff86c960000 - 0x00007ff86c977000 	C:\Users\adam\.jdks\openjdk-25.0.1\bin\zip.dll
0x00007ff86cef0000 - 0x00007ff86cf02000 	C:\Users\adam\.jdks\openjdk-25.0.1\bin\net.dll
0x00007ff897d30000 - 0x00007ff897d9c000 	C:\WINDOWS\system32\mswsock.dll
0x00007ff86cd50000 - 0x00007ff86cd66000 	C:\Users\adam\.jdks\openjdk-25.0.1\bin\nio.dll
0x00007ff883d60000 - 0x00007ff883d69000 	C:\Users\adam\.jdks\openjdk-25.0.1\bin\extnet.dll
0x00007ff8972e0000 - 0x00007ff897436000 	C:\WINDOWS\SYSTEM32\DNSAPI.dll
0x00007ff897b50000 - 0x00007ff897b5d000 	C:\WINDOWS\SYSTEM32\DSPARSE.dll
0x00007ff897200000 - 0x00007ff897233000 	C:\WINDOWS\SYSTEM32\IPHLPAPI.DLL
0x00007ff89ae90000 - 0x00007ff89ae9a000 	C:\WINDOWS\System32\NSI.dll
0x00007ff8896c0000 - 0x00007ff8896cb000 	C:\Windows\System32\rasadhlp.dll
0x00007ff8930c0000 - 0x00007ff893146000 	C:\WINDOWS\System32\fwpuclnt.dll
0x00007ff883cc0000 - 0x00007ff883cca000 	C:\Users\adam\.jdks\openjdk-25.0.1\bin\management.dll
0x00007ff86c950000 - 0x00007ff86c95c000 	C:\Users\adam\.jdks\openjdk-25.0.1\bin\management_ext.dll
0x00007ff89aaa0000 - 0x00007ff89aaa8000 	C:\WINDOWS\System32\PSAPI.DLL
0x00007ff898160000 - 0x00007ff89817b000 	C:\WINDOWS\SYSTEM32\CRYPTSP.dll
0x00007ff897700000 - 0x00007ff897739000 	C:\WINDOWS\system32\rsaenh.dll
0x00007ff897df0000 - 0x00007ff897e22000 	C:\WINDOWS\SYSTEM32\USERENV.dll
0x00007ff8989f0000 - 0x00007ff898a1a000 	C:\WINDOWS\SYSTEM32\bcrypt.dll
0x00007ff897fa0000 - 0x00007ff897fac000 	C:\WINDOWS\SYSTEM32\CRYPTBASE.dll
0x00007ff86f7c0000 - 0x00007ff86f7d8000 	C:\WINDOWS\system32\napinsp.dll
0x00007ff86f7a0000 - 0x00007ff86f7b3000 	C:\WINDOWS\System32\winrnr.dll
0x00007ff86f770000 - 0x00007ff86f792000 	C:\WINDOWS\system32\nlansp_c.dll
0x00007ff86f750000 - 0x00007ff86f766000 	C:\WINDOWS\system32\wshbth.dll
0x00007ff86ecf0000 - 0x00007ff86ed48000 	C:\WINDOWS\SYSTEM32\pdh.dll
0x00007ff889170000 - 0x00007ff889182000 	C:\WINDOWS\System32\perfproc.dll
0x00007ff87b6f0000 - 0x00007ff87b6fe000 	C:\Users\adam\.jdks\openjdk-25.0.1\bin\sunmscapi.dll
0x00007ff898cc0000 - 0x00007ff898e38000 	C:\WINDOWS\System32\CRYPT32.dll
0x00007ff8982d0000 - 0x00007ff898300000 	C:\WINDOWS\SYSTEM32\ncrypt.dll
0x00007ff898280000 - 0x00007ff8982bf000 	C:\WINDOWS\SYSTEM32\NTASN1.dll
0x00007ff8412e0000 - 0x00007ff8412e8000 	C:\WINDOWS\system32\wshunix.dll
0x00007ffffc210000 - 0x00007ffffc41e000 	C:\Users\adam\AppData\Local\Temp\idea_libasyncProfiler_dll_temp_folder\libasyncProfiler.dll

JVMTI agents:
C:\Program Files\JetBrains\IntelliJ IDEA 2024.3.4.1\lib\idea_rt.jar path:C:\Users\adam\.jdks\openjdk-25.0.1\bin\instrument.dll, loaded, initialized, instrumentlib options:1947

dbghelp: loaded successfully - version: 4.0.5 - missing functions: none
symbol engine: initialized successfully - sym options: 0x614 - pdb path: .;C:\Users\adam\.jdks\openjdk-25.0.1\bin;C:\WINDOWS\SYSTEM32;C:\WINDOWS\WinSxS\amd64_microsoft.windows.common-controls_6595b64144ccf1df_6.0.26100.8894_none_3e0f749ee32e02ea;C:\Users\adam\.jdks\openjdk-25.0.1\bin\server;C:\Users\adam\AppData\Local\Temp\idea_libasyncProfiler_dll_temp_folder

VM Arguments:
jvm_args: -XX:TieredStopAtLevel=1 -Dspring.output.ansi.enabled=always -Dcom.sun.management.jmxremote -Dspring.jmx.enabled=true -Dspring.liveBeansView.mbeanDomain -Dspring.application.admin.enabled=true -Dmanagement.endpoints.jmx.exposure.include=* -javaagent:C:\Program Files\JetBrains\IntelliJ IDEA 2024.3.4.1\lib\idea_rt.jar=1947 -Dfile.encoding=UTF-8 -Dsun.stdout.encoding=UTF-8 -Dsun.stderr.encoding=UTF-8 
java_command: org.example.confidentialite.ConfidentialiteApplication
java_class_path (initial): D:\confidentialite\target\classes;C:\Users\adam\.m2\repository\org\springframework\retry\spring-retry\2.0.12\spring-retry-2.0.12.jar;C:\Users\adam\.m2\repository\org\springframework\boot\spring-boot-starter-mail\4.1.0\spring-boot-starter-mail-4.1.0.jar;C:\Users\adam\.m2\repository\org\springframework\boot\spring-boot-starter\4.1.0\spring-boot-starter-4.1.0.jar;C:\Users\adam\.m2\repository\org\springframework\boot\spring-boot-starter-logging\4.1.0\spring-boot-starter-logging-4.1.0.jar;C:\Users\adam\.m2\repository\ch\qos\logback\logback-classic\1.5.34\logback-classic-1.5.34.jar;C:\Users\adam\.m2\repository\ch\qos\logback\logback-core\1.5.34\logback-core-1.5.34.jar;C:\Users\adam\.m2\repository\org\apache\logging\log4j\log4j-to-slf4j\2.25.4\log4j-to-slf4j-2.25.4.jar;C:\Users\adam\.m2\repository\org\apache\logging\log4j\log4j-api\2.25.4\log4j-api-2.25.4.jar;C:\Users\adam\.m2\repository\org\slf4j\jul-to-slf4j\2.0.18\jul-to-slf4j-2.0.18.jar;C:\Users\adam\.m2\repository\jakarta\annotation\jakarta.annotation-api\3.0.0\jakarta.annotation-api-3.0.0.jar;C:\Users\adam\.m2\repository\org\yaml\snakeyaml\2.6\snakeyaml-2.6.jar;C:\Users\adam\.m2\repository\org\springframework\boot\spring-boot-mail\4.1.0\spring-boot-mail-4.1.0.jar;C:\Users\adam\.m2\repository\org\springframework\spring-context-support\7.0.8\spring-context-support-7.0.8.jar;C:\Users\adam\.m2\repository\jakarta\mail\jakarta.mail-api\2.1.5\jakarta.mail-api-2.1.5.jar;C:\Users\adam\.m2\repository\jakarta\activation\jakarta.activation-api\2.1.4\jakarta.activation-api-2.1.4.jar;C:\Users\adam\.m2\repository\org\eclipse\angus\angus-mail\2.0.5\angus-mail-2.0.5.jar;C:\Users\adam\.m2\repository\org\eclipse\angus\angus-activation\2.0.3\angus-activation-2.0.3.jar;C:\Users\adam\.m2\repository\org\springframework\boot\spring-boot-starter-security\4.1.0\spring-boot-starter-security-4.1.0.jar;C:\Users\adam\.m2\repository\org\springframework\boot\spring-boot-security\4.1.0\spring-boot-security-4.1.0.jar;C:\Users\adam\.m2\repository\org\springframework\security\spring-security-config\7.1.0\spring-security-config-7.1.0.jar;C:\Users\adam\.m2\repository\org\springframework\security\spring-security-core\7.1.0\spring-security-core-7.1.0.jar;C:\Users\adam\.m2\repository\org\springframework\security\spring-security-crypto\7.1.0\spring-security-crypto-7.1.0.jar;C:\Users\adam\.m2\repository\org\springframework\security\spring-security-web\7.1.0\spring-security-web-7.1.0.jar;C:\Users\adam\.m2\repository\org\springframework\spring-expression\7.0.8\spring-expression-7.0.8.jar;C:\Users\adam\.m2\repository\org\springframework\spring-aop\7.0.8\spring-aop-7.0.8.jar;C:\Users\adam\.m2\repository\org\springframework\spring-beans\7.0.8\spring-beans-7.0.8.jar;C:\Users\adam\.m2\repository\org\springframework\spring-core\7.0.8\spring-core-7.0.8.jar;C:\Users\adam\.m2\repository\commons-logging\commons-logging\1.3.6\commons-logging-1.3.6.jar;C:\Users\adam\.m2\repository\org\springdoc\springdoc-openapi-starter-webmvc-ui\2.8.9\springdoc-openapi-starter-webmvc-ui-2.8.9.jar;C:\Users\adam\.m2\repository\org\springdoc\springdoc-openapi-starter-webmvc-api\2.8.9\springdoc-openapi-starter-webmvc-api-2.8.9.jar;C:\Users\adam\.m2\repository\org\springdoc\springdoc-openapi-starter-common\2.8.9\springdoc-openapi-starter-common-2.8.9.jar;C:\Users\adam\.m2\repository\org\springframework\boot\spring-boot-starter-validation\4.1.0\spring-boot-starter-validation-4.1.0.jar;C:\Users\adam\.m2\repository\org\springframework\boot\spring-boot-validation\4.1.0\spring-boot-validation-4.1.0.jar;C:\Users\adam\.m2\repository\org\hibernate\validator\hibernate-validator\9.1.0.Final\hibernate-validator-9.1.0.Final.jar;C:\Users\adam\.m2\repository\com\fasterxml\classmate\1.7.3\classmate-1.7.3.jar;C:\Users\adam\.m2\repository\io\swagger\core\v3\swagger-core-jakarta\2.2.30\swagger-core-jakarta-2.2.30.jar;C:\Users\adam\.m2\repository\org\apache\commons\commons-lang3\3.20.0\commons-lang3-3.20.0.jar;C:\Users\adam\.m2\repository\io\swagger\core\v3\swagger-annotations-jakarta\2.2.30\swagger-annotations-jakarta-2.2.30.jar;C:\Users\adam\.m2\repository\io\swagger\core\v3\swagger-models-jakarta\2.2.30\swagger-models-jakarta-2.2.30.jar;C:\Users\adam\.m2\repository\jakarta\validation\jakarta.validation-api\3.1.1\jakarta.validation-api-3.1.1.jar;C:\Users\adam\.m2\repository\com\fasterxml\jackson\core\jackson-annotations\2.21\jackson-annotations-2.21.jar;C:\Users\adam\.m2\repository\com\fasterxml\jackson\core\jackson-databind\2.21.4\jackson-databind-2.21.4.jar;C:\Users\adam\.m2\repository\com\fasterxml\jackson\core\jackson-core\2.21.4\jackson-core-2.21.4.jar;C:\Users\adam\.m2\repository\com\fasterxml\jackson\dataformat\jackson-dataformat-yaml\2.21.4\jackson-dataformat-yaml-2.21.4.jar;C:\Users\adam\.m2\repository\com\fasterxml\jackson\datatype\jackson-datatype-jsr310\2.21.4\jackson-datatype-jsr310-2.21.4.jar;C:\Users\adam\.m2\repository\org\springframework\spring-webmvc\7.0.8\spring-webmvc-7.0.8.jar;C:\Users\adam\.m2\repository\org\webjars\swagger-ui\5.21.0\swagger-ui-5.21.0.jar;C:\Users\adam\.m2\repository\org\webjars\webjars-locator-lite\1.1.3\webjars-locator-lite-1.1.3.jar;C:\Users\adam\.m2\repository\org\jspecify\jspecify\1.0.0\jspecify-1.0.0.jar;C:\Users\adam\.m2\repository\org\springframework\boot\spring-boot-starter-web\4.1.0\spring-boot-starter-web-4.1.0.jar;C:\Users\adam\.m2\repository\org\springframework\boot\spring-boot-starter-jackson\4.1.0\spring-boot-starter-jackson-4.1.0.jar;C:\Users\adam\.m2\repository\org\springframework\boot\spring-boot-jackson\4.1.0\spring-boot-jackson-4.1.0.jar;C:\Users\adam\.m2\repository\tools\jackson\core\jackson-databind\3.1.4\jackson-databind-3.1.4.jar;C:\Users\adam\.m2\repository\tools\jackson\core\jackson-core\3.1.4\jackson-core-3.1.4.jar;C:\Users\adam\.m2\repository\org\springframework\boot\spring-boot-starter-tomcat\4.1.0\spring-boot-starter-tomcat-4.1.0.jar;C:\Users\adam\.m2\repository\org\springframework\boot\spring-boot-starter-tomcat-runtime\4.1.0\spring-boot-starter-tomcat-runtime-4.1.0.jar;C:\Users\adam\.m2\repository\org\springframework\boot\spring-boot-web-server\4.1.0\spring-boot-web-server-4.1.0.jar;C:\Users\adam\.m2\repository\org\apache\tomcat\embed\tomcat-embed-core\11.0.22\tomcat-embed-core-11.0.22.jar;C:\Users\adam\.m2\repository\org\apache\tomcat\embed\tomcat-embed-el\11.0.22\tomcat-embed-el-11.0.22.jar;C:\Users\adam\.m2\repository\org\apache\tomcat\embed\tomcat-embed-websocket\11.0.22\tomcat-embed-websocket-11.0.22.jar;C:\Users\adam\.m2\repository\org\springframework\boot\spring-boot-tomcat\4.1.0\spring-boot-tomcat-4.1.0.jar;C:\Users\adam\.m2\repository\org\springframework\boot\spring-boot-http-converter\4.1.0\spring-boot-http-converter-4.1.0.jar;C:\Users\adam\.m2\repository\org\springframework\spring-web\7.0.8\spring-web-7.0.8.jar;C:\Users\adam\.m2\repository\io\micrometer\micrometer-observation\1.17.0\micrometer-observation-1.17.0.jar;C:\Users\adam\.m2\repository\io\micrometer\micrometer-commons\1.17.0\micrometer-commons-1.17.0.jar;C:\Users\adam\.m2\repository\org\springframework\boot\spring-boot-webmvc\4.1.0\spring-boot-webmvc-4.1.0.jar;C:\Users\adam\.m2\repository\org\springframework\boot\spring-boot-servlet\4.1.0\spring-boot-servlet-4.1.0.jar;C:\Users\adam\.m2\repository\org\springframework\boot\spring-boot-devtools\4.1.0\spring-boot-devtools-4.1.0.jar;C:\Users\adam\.m2\repository\org\springframework\boot\spring-boot\4.1.0\spring-boot-4.1.0.jar;C:\Users\adam\.m2\repository\org\springframework\spring-context\7.0.8\spring-context-7.0.8.jar;C:\Users\adam\.m2\repository\org\springframework\boot\spring-boot-autoconfigure\4.1.0\spring-boot-autoconfigure-4.1.0.jar;C:\Users\adam\.m2\repository\com\mysql\mysql-connector-j\9.7.0\mysql-connector-j-9.7.0.jar;C:\Users\adam\.m2\repository\jakarta\persistence\jakarta.persistence-api\3.2.0\jakarta.persistence-api-3.2.0.jar;C:\Users\adam\.m2\repository\org\projectlombok\lombok\1.18.46\lombok-1.18.46.jar;C:\Users\adam\.m2\repository\org\slf4j\slf4j-api\2.0.18\slf4j-api-2.0.18.jar;C:\Users\adam\.m2\repository\jakarta\xml\bind\jakarta.xml.bind-api\4.0.5\jakarta.xml.bind-api-4.0.5.jar;C:\Users\adam\.m2\repository\net\bytebuddy\byte-buddy\1.18.10\byte-buddy-1.18.10.jar;C:\Users\adam\.m2\repository\org\springframework\boot\spring-boot-starter-data-jpa\4.0.1\spring-boot-starter-data-jpa-4.0.1.jar;C:\Users\adam\.m2\repository\org\springframework\boot\spring-boot-starter-jdbc\4.1.0\spring-boot-starter-jdbc-4.1.0.jar;C:\Users\adam\.m2\repository\com\zaxxer\HikariCP\7.0.2\HikariCP-7.0.2.jar;C:\Users\adam\.m2\repository\org\springframework\boot\spring-boot-data-jpa\4.1.0\spring-boot-data-jpa-4.1.0.jar;C:\Users\adam\.m2\repository\org\springframework\boot\spring-boot-data-commons\4.1.0\spring-boot-data-commons-4.1.0.jar;C:\Users\adam\.m2\repository\org\springframework\boot\spring-boot-persistence\4.1.0\spring-boot-persistence-4.1.0.jar;C:\Users\adam\.m2\repository\org\springframework\data\spring-data-commons\4.1.0\spring-data-commons-4.1.0.jar;C:\Users\adam\.m2\repository\org\springframework\boot\spring-boot-hibernate\4.1.0\spring-boot-hibernate-4.1.0.jar;C:\Users\adam\.m2\repository\org\springframework\boot\spring-boot-jpa\4.1.0\spring-boot-jpa-4.1.0.jar;C:\Users\adam\.m2\repository\org\hibernate\orm\hibernate-core\7.4.1.Final\hibernate-core-7.4.1.Final.jar;C:\Users\adam\.m2\repository\jakarta\transaction\jakarta.transaction-api\2.0.1\jakarta.transaction-api-2.0.1.jar;C:\Users\adam\.m2\repository\org\jboss\logging\jboss-logging\3.6.3.Final\jboss-logging-3.6.3.Final.jar;C:\Users\adam\.m2\repository\org\hibernate\models\hibernate-models\1.1.1\hibernate-models-1.1.1.jar;C:\Users\adam\.m2\repository\org\glassfish\jaxb\jaxb-runtime\4.0.9\jaxb-runtime-4.0.9.jar;C:\Users\adam\.m2\repository\org\glassfish\jaxb\jaxb-core\4.0.9\jaxb-core-4.0.9.jar;C:\Users\adam\.m2\repository\org\glassfish\jaxb\txw2\4.0.9\txw2-4.0.9.jar;C:\Users\adam\.m2\repository\com\sun\istack\istack-commons-runtime\4.1.2\istack-commons-runtime-4.1.2.jar;C:\Users\adam\.m2\repository\jakarta\inject\jakarta.inject-api\2.0.1\jakarta.inject-api-2.0.1.jar;C:\Users\adam\.m2\repository\org\springframework\spring-orm\7.0.8\spring-orm-7.0.8.jar;C:\Users\adam\.m2\repository\org\springframework\data\spring-data-jpa\4.1.0\spring-data-jpa-4.1.0.jar;C:\Users\adam\.m2\repository\org\springframework\spring-tx\7.0.8\spring-tx-7.0.8.jar;C:\Users\adam\.m2\repository\org\antlr\antlr4-runtime\4.13.2\antlr4-runtime-4.13.2.jar;C:\Users\adam\.m2\repository\org\springframework\spring-aspects\7.0.8\spring-aspects-7.0.8.jar;C:\Users\adam\.m2\repository\org\aspectj\aspectjweaver\1.9.25.1\aspectjweaver-1.9.25.1.jar;C:\Users\adam\.m2\repository\org\springframework\boot\spring-boot-jdbc\4.1.0\spring-boot-jdbc-4.1.0.jar;C:\Users\adam\.m2\repository\org\springframework\boot\spring-boot-sql\4.1.0\spring-boot-sql-4.1.0.jar;C:\Users\adam\.m2\repository\org\springframework\boot\spring-boot-transaction\4.1.0\spring-boot-transaction-4.1.0.jar;C:\Users\adam\.m2\repository\org\springframework\spring-jdbc\7.0.8\spring-jdbc-7.0.8.jar
Launcher Type: SUN_STANDARD

[Global flags]
     intx CICompilerCount                          = 4                                         {product} {ergonomic}
     uint ConcGCThreads                            = 2                                         {product} {ergonomic}
     bool FlightRecorder                           = true                                      {product} {management}
     uint G1ConcRefinementThreads                  = 8                                         {product} {ergonomic}
   size_t G1HeapRegionSize                         = 2097152                                   {product} {ergonomic}
   size_t InitialHeapSize                          = 264241152                                 {product} {ergonomic}
     bool ManagementServer                         = true                                      {product} {command line}
   size_t MarkStackSize                            = 4194304                                   {product} {ergonomic}
   size_t MarkStackSizeMax                         = 536870912                                 {product} {ergonomic}
   size_t MaxHeapSize                              = 4223664128                                {product} {ergonomic}
   size_t MaxNewSize                               = 2533359616                                {product} {ergonomic}
   size_t MinHeapDeltaBytes                        = 2097152                                   {product} {ergonomic}
   size_t MinHeapSize                              = 8388608                                   {product} {ergonomic}
    uintx NonNMethodCodeHeapSize                   = 4096                                   {pd product} {ergonomic}
    uintx NonProfiledCodeHeapSize                  = 0                                      {pd product} {ergonomic}
     bool ProfileInterpreter                       = false                                  {pd product} {command line}
    uintx ProfiledCodeHeapSize                     = 0                                      {pd product} {ergonomic}
   size_t SoftMaxHeapSize                          = 4223664128                             {manageable} {ergonomic}
     intx TieredStopAtLevel                        = 1                                         {product} {command line}
     bool UseCompressedOops                        = true                           {product lp64_product} {ergonomic}
     bool UseG1GC                                  = true                                      {product} {ergonomic}
     bool UseLargePagesIndividualAllocation        = false                                  {pd product} {ergonomic}

Logging:
Log output configuration:
 #0: stdout all=warning uptime,level,tags foldmultilines=false
 #1: stderr all=off uptime,level,tags foldmultilines=false

Release file:
IMPLEMENTOR="Oracle Corporation" 
JAVA_RUNTIME_VERSION="25.0.1+8-27" 
JAVA_VERSION="25.0.1" 
JAVA_VERSION_DATE="2025-10-21" 
LIBC="default" 
MODULES="java.base java.compiler java.datatransfer java.xml java.prefs java.desktop java.instrument java.logging java.management java.security.sasl java.naming java.rmi java.management.rmi java.net.http java.scripting java.security.jgss java.transaction.xa java.sql java.sql.rowset java.xml.crypto java.se java.smartcardio jdk.accessibility jdk.internal.jvmstat jdk.attach jdk.charsets jdk.internal.opt jdk.zipfs jdk.compiler jdk.crypto.cryptoki jdk.crypto.ec jdk.crypto.mscapi jdk.dynalink jdk.internal.ed jdk.editpad jdk.internal.vm.ci jdk.graal.compiler jdk.graal.compiler.management jdk.hotspot.agent jdk.httpserver jdk.incubator.vector jdk.internal.le jdk.internal.md jdk.jartool jdk.javadoc jdk.jcmd jdk.management jdk.management.agent jdk.jconsole jdk.jdeps jdk.jdwp.agent jdk.jdi jdk.jfr jdk.jlink jdk.jpackage jdk.jshell jdk.jsobject jdk.jstatd jdk.localedata jdk.management.jfr jdk.naming.dns jdk.naming.rmi jdk.net jdk.nio.mapmode jdk.sctp jdk.security.auth jdk.security.jgss jdk.unsupported jdk.unsupported.desktop jdk.xml.dom" 
OS_ARCH="x86_64" 
OS_NAME="Windows" 
SOURCE=".:git:78770bfaefd2" 

Environment Variables:
PATH=C:\Users\adam\Downloads\WINDOWS.X64_213000_db_home\bin;C:\Program Files (x86)\VMware\VMware Workstation\bin\;C:\Program Files (x86)\Common Files\Oracle\Java\java8path;C:\Program Files (x86)\Common Files\Oracle\Java\javapath;C:\WINDOWS\system32;C:\WINDOWS;C:\WINDOWS\System32\Wbem;C:\WINDOWS\System32\WindowsPowerShell\v1.0\;C:\WINDOWS\System32\OpenSSH\;C:\Program Files\dotnet\;C:\Program Files\Git\cmd;C:\Program Files (x86)\Microsoft SQL Server\160\Tools\Binn\;C:\Program Files\Microsoft SQL Server\160\Tools\Binn\;C:\Program Files\Microsoft SQL Server\Client SDK\ODBC\170\Tools\Binn\;C:\Program Files\Microsoft SQL Server\160\DTS\Binn\;C:\Program Files (x86)\Microsoft SQL Server\160\DTS\Binn\;C:\Program Files\nodejs\;C:\xampp\php;C:\ProgramData\ComposerSetup\bin;C:\Program Files\Microsoft SQL Server\150\Tools\Binn\;C:\Program Files\PuTTY\;C:\Program Files\Docker\Docker\resources\bin;C:\Users\adam\AppData\Local\Programs\Python\Launcher\;C:\Ruby33-x64\bin;C:\Users\adam\AppData\Local\Microsoft\WindowsApps;C:\Users\adam\AppData\Local\Programs\Microsoft VS Code\bin;C:\MinGW\bin;C:\winflex;C:\Program Files (x86)\Nmap;C:\Program Files (x86)\Nmap\zenmap\bin;C:\Users\adam\AppData\Roaming\npm;C:\Program Files\JetBrains\IntelliJ IDEA 2024.3.4.1\bin;;D:\PyCharm 2025.3.3\bin;C:\Users\adam\AppData\Roaming\Composer\vendor\bin;D:\Ollama
USERNAME=adam
OS=Windows_NT
PROCESSOR_IDENTIFIER=Intel64 Family 6 Model 140 Stepping 1, GenuineIntel
TMP=C:\Users\adam\AppData\Local\Temp
TEMP=C:\Users\adam\AppData\Local\Temp




Compilation memory statistics disabled.

Periodic native trim disabled

---------------  S Y S T E M  ---------------

OS:
 Windows 11 , 64 bit Build 26100 (10.0.26100.8875)
OS uptime: 6 days 7:30 hours
Hyper-V role detected

CPU: total 8 (initial active 8) (4 cores per cpu, 2 threads per core) family 6 model 140 stepping 1 microcode 0xbe, cx8, cmov, fxsr, ht, mmx, 3dnowpref, sse, sse2, sse3, ssse3, sse4.1, sse4.2, popcnt, lzcnt, tsc, tscinvbit, avx, avx2, aes, erms, clmul, bmi1, bmi2, adx, avx512f, avx512dq, avx512cd, avx512bw, avx512vl, sha, fma, vzeroupper, avx512_vpopcntdq, avx512_vpclmulqdq, avx512_vaes, avx512_vnni, clflush, clflushopt, clwb, avx512_vbmi2, avx512_vbmi, hv, rdtscp, rdpid, fsrm, gfni, avx512_bitalg, f16c, cet_ibt, cet_ss, avx512_ifma
Processor Information for processor 0
  Max Mhz: 1805, Current Mhz: 1805, Mhz Limit: 1805
Processor Information for processor 1
  Max Mhz: 1805, Current Mhz: 1002, Mhz Limit: 1805
Processor Information for processor 2
  Max Mhz: 1805, Current Mhz: 1805, Mhz Limit: 1805
Processor Information for processor 3
  Max Mhz: 1805, Current Mhz: 1002, Mhz Limit: 1805
Processor Information for processor 4
  Max Mhz: 1805, Current Mhz: 1805, Mhz Limit: 1805
Processor Information for processor 5
  Max Mhz: 1805, Current Mhz: 1002, Mhz Limit: 1805
Processor Information for processor 6
  Max Mhz: 1805, Current Mhz: 1805, Mhz Limit: 1805
Processor Information for processor 7
  Max Mhz: 1805, Current Mhz: 1002, Mhz Limit: 1805

Memory: 4k page, system-wide physical 16110M (2062M free)
TotalPageFile size 34910M (AvailPageFile size 3045M)
current process WorkingSet (physical memory assigned to process): 513M, peak: 938M
current process commit charge ("private bytes"): 1170M, peak: 1170M

vm_info: OpenJDK 64-Bit Server VM (25.0.1+8-27) for windows-amd64 JRE (25.0.1+8-27), built on 2025-09-25T16:41:16Z with unknown MS VC++:1943

END.
